step,elapsed_tokens,elapsed_examples,training_loss,training_sequence_accuracy,training_token_accuracy,validation_loss,validation_sequence_accuracy,validation_token_accuracy,classification/accuracy,classification/weighted_f1_score
1,41,1,0.33695209834939627,0.0,0.0,0.2794274168477045,0.0,0.0,,
2,90,2,0.283276943859921,0.0,0.0,,,,,
3,123,3,0.3446218063047786,0.0,0.0,,,,,
4,164,4,0.21079195965128475,0.0,0.0,,,,,
5,229,5,0.22894033910858186,0.0,0.0,,,,,
6,294,6,0.16352524225024057,0.0,0.0,,,,,
7,351,7,0.12234578243577168,0.0,0.0,,,,,
8,384,8,0.3040709220124779,0.0,0.0,,,,,
9,417,9,0.2762831579165322,0.0,0.0,0.07063196581759075,0.0,0.0,,
10,482,10,0.11423151710316234,0.0,0.0,,,,,
11,507,11,0.41658385159976585,0.0,0.0,,,,,
12,548,12,0.19380931739507057,0.0,0.0,,,,,
13,613,13,0.11680315253305708,0.0,0.0,,,,,
14,654,14,0.06354766559765722,0.0,0.0,,,,,
15,727,15,0.05175906836532704,0.0,0.0,,,,,
16,792,16,0.1276955475805775,0.0,0.0,,,,,
17,841,17,0.28761465606684267,0.0,0.5,0.03712886167568816,0.0,0.0,,
18,906,18,0.11190490872219824,0.0,0.0,,,,,
19,947,19,0.088597907173933,0.0,0.0,,,,,
20,988,20,0.17014292966829453,0.0,0.5,,,,,
21,1069,21,0.054565958155686316,0.0,0.0,,,,,
22,1094,22,0.16848973320404786,0.0,0.0,,,,,
23,1135,23,0.27201448771651965,0.0,0.0,,,,,
24,1168,24,0.18040347872376686,0.0,0.0,,,,,
25,1241,25,0.1238159421440408,0.0,0.0,0.07094550229562288,0.0,0.0,,
26,1298,26,0.07623413072255061,0.0,0.0,,,,,
27,1355,27,0.0441750140506569,1.0,1.0,,,,,
28,1420,28,0.07254937444823867,0.0,0.0,,,,,
29,1469,29,0.06360745426229186,0.0,0.0,,,,,
30,1518,30,0.06720421888726075,0.0,0.0,,,,,
31,1567,31,0.053925164820667906,0.0,0.0,,,,,
32,1624,32,0.13425779621458267,0.0,0.0,,,,,
33,1681,33,0.049027885805670454,1.0,1.0,0.0512214848321537,0.0,0.0,,
34,1714,34,0.06349993434283534,1.0,1.0,,,,,
35,1747,35,0.05924915274918248,1.0,1.0,,,,,
36,1804,36,0.0329844835411229,1.0,1.0,,,,,
37,1837,37,0.19369059824452506,0.0,0.0,,,,,
38,1910,38,0.08368617650354279,0.0,0.0,,,,,
39,1959,39,0.018110628983819575,1.0,1.0,,,,,
40,2016,40,0.09838330729145679,0.0,0.0,,,,,
41,2073,41,0.02678742473946061,1.0,1.0,0.04261695575435234,0.0,0.0,,
42,2138,42,0.08088115127123388,0.0,0.0,,,,,
43,2195,43,0.06404421804075225,0.0,0.0,,,,,
44,2276,44,0.018271526578847445,1.0,1.0,,,,,
45,2349,45,0.03606119551526515,1.0,1.0,,,,,
46,2414,46,0.014920854815570976,1.0,1.0,,,,,
47,2447,47,0.023354405938071636,1.0,1.0,,,,,
48,2512,48,0.045931465988137465,0.0,0.0,,,,,
49,2577,49,0.03473386355114599,0.0,0.0,0.056208989039952945,1.0,1.0,,
50,2626,50,0.03691292892144703,1.0,1.0,,,,,
51,2699,51,0.07124465758322508,0.0,0.0,,,,,
52,2756,52,0.0231214671166796,1.0,1.0,,,,,
53,2813,53,0.1154633901978351,0.0,0.0,,,,,
54,2878,54,0.02972414912031127,0.0,0.0,,,,,
55,2951,55,0.028488955969493572,1.0,1.0,,,,,
56,2992,56,0.03539975276635959,1.0,1.0,,,,,
57,3033,57,0.03017243688359668,1.0,1.0,0.02149656306194174,1.0,1.0,,
58,3050,58,0.49005989445839077,0.0,0.0,,,,,
59,3099,59,0.06552212693966794,0.0,0.0,,,,,
60,3164,60,0.04156992257018459,0.0,0.0,,,,,
61,3221,61,0.07618640904759558,0.0,0.0,,,,,
62,3254,62,0.0763197490155875,0.0,0.0,,,,,
63,3327,63,0.013862429575525664,1.0,1.0,,,,,
64,3400,64,0.07321851691245429,0.0,0.0,,,,,
65,3473,65,0.01660017155950495,1.0,1.0,0.036454958255817474,1.0,1.0,,
66,3538,66,0.03073305769910803,1.0,1.0,,,,,
67,3619,67,0.021221754535180708,1.0,1.0,,,,,
68,3676,68,0.14038227033076425,0.0,0.0,,,,,
69,3733,69,0.044746057063124935,0.0,0.0,,,,,
70,3782,70,0.07706633642955693,0.0,0.5,,,,,
71,3831,71,0.07034194630257842,0.0,0.0,,,,,
72,3872,72,0.020175421266158084,1.0,1.0,,,,,
73,3913,73,0.07845351511546322,0.0,0.0,0.04959648123165152,0.0,0.0,,
74,3970,74,0.10629068307666265,0.0,0.0,,,,,
75,3995,75,0.1777703604192841,0.0,0.0,,,,,
76,4044,76,0.09295388897628677,0.0,0.0,,,,,
77,4101,77,0.08731858481467626,0.0,0.0,,,,,
78,4174,78,0.012378152594078023,1.0,1.0,,,,,
79,4207,79,0.02148229996626412,1.0,1.0,,,,,
80,4264,80,0.044896273164166424,1.0,1.0,,,,,
81,4289,81,0.03359519382861132,1.0,1.0,0.01914155923058085,1.0,1.0,,
82,4322,82,0.23298753218565255,0.0,0.0,,,,,
83,4355,83,0.3304441292830415,0.0,0.0,,,,,
84,4412,84,0.01935512991908776,1.0,1.0,,,,,
85,4469,85,0.09780271506898965,0.0,0.0,,,,,
86,4526,86,0.05210835233430511,0.0,0.0,,,,,
87,4551,87,0.0569158256401109,1.0,1.0,,,,,
88,4632,88,0.025271090690745037,1.0,1.0,,,,,
89,4681,89,0.05467720749872872,0.0,0.0,0.21787936019793652,0.0,0.0,,
90,4746,90,0.05045001800551745,0.0,0.0,,,,,
91,4787,91,0.1505901958629438,0.0,0.0,,,,,
92,4820,92,0.05333994598892787,1.0,1.0,,,,,
93,4885,93,0.02814010381927915,1.0,1.0,,,,,
94,4926,94,0.07055895847128706,0.0,0.5,,,,,
95,4959,95,0.2848323711397825,0.0,0.0,,,,,
96,5016,96,0.06300623029673343,0.0,0.0,,,,,
97,5081,97,0.09556277355719431,0.0,0.0,0.08810021298534594,0.0,0.5,,
98,5106,98,0.23690304975874216,0.0,0.0,,,,,
99,5139,99,0.020808109474455706,1.0,1.0,,,,,
100,5212,100,0.02394626832027269,1.0,1.0,,,,,
101,5277,101,0.03880937712221112,1.0,1.0,,,,,
102,5302,102,0.2860719979637846,0.0,0.0,,,,,
103,5359,103,0.09553307975879372,0.0,0.0,,,,,
104,5400,104,0.05006879665586166,1.0,1.0,,,,,
105,5433,105,0.09893944676663521,0.0,0.0,0.04541581009249058,1.0,1.0,,
106,5490,106,0.06964295041093334,0.0,0.0,,,,,
107,5539,107,0.07416450906661338,0.0,0.0,,,,,
108,5580,108,0.023741371267950857,1.0,1.0,,,,,
109,5613,109,0.043695797608588695,1.0,1.0,,,,,
110,5670,110,0.052538736366858366,1.0,1.0,,,,,
111,5743,111,0.019918606009424467,1.0,1.0,,,,,
112,5808,112,0.032626714599840054,1.0,1.0,,,,,
113,5865,113,0.10674159291647291,0.0,0.0,0.05944952859881595,0.0,0.0,,
114,5978,114,0.061812531679910306,0.0,0.0,,,,,
115,6011,115,0.014383203952450005,1.0,1.0,,,,,
116,6028,116,0.29064106691228514,0.0,0.0,,,,,
117,6069,117,0.03424582177668344,1.0,1.0,,,,,
118,6110,118,0.02365426454105182,1.0,1.0,,,,,
119,6183,119,0.02430046865876648,1.0,1.0,,,,,
120,6240,120,0.01706023742964784,1.0,1.0,,,,,
121,6265,121,0.19637332475899405,0.0,0.0,0.025336899015178462,1.0,1.0,,
122,6322,122,0.033457029349482185,1.0,1.0,,,,,
123,6355,123,0.06237557739776094,1.0,1.0,,,,,
124,6404,124,0.09756859467882047,0.0,0.0,,,,,
125,6477,125,0.060655455408967905,0.0,0.0,,,,,
126,6494,126,0.09536849498130323,1.0,1.0,,,,,
127,6511,127,0.1173873136574912,1.0,1.0,,,,,
128,6584,128,0.03387560985747061,0.0,0.0,,,,,
129,6625,129,0.0602885292545543,0.0,0.0,0.10341773560607785,0.0,0.0,,
130,6658,130,0.033443619454556026,1.0,1.0,,,,,
131,6699,131,0.1407806618830946,0.0,0.0,,,,,
132,6724,132,0.46627471752358063,0.0,0.0,,,,,
133,6773,133,0.10761518355032118,0.0,0.0,,,,,
134,6838,134,0.023563518940093217,1.0,1.0,,,,,
135,6887,135,0.02056877326501611,1.0,1.0,,,,,
136,6912,136,0.19174761101836338,0.0,0.0,,,,,
137,6977,137,0.022856302408032436,1.0,1.0,0.020448717527688134,1.0,1.0,,
138,7018,138,0.05147097207652223,0.0,0.0,,,,,
139,7075,139,0.0678192924504401,0.0,0.0,,,,,
140,7124,140,0.06085499874438635,0.0,0.5,,,,,
141,7173,141,0.10482599610845378,0.0,0.0,,,,,
142,7222,142,0.028892912829519446,1.0,1.0,,,,,
143,7279,143,0.0436427414254909,0.0,0.0,,,,,
144,7304,144,0.02150120814854745,1.0,1.0,,,,,
145,7337,145,0.045557116804775435,0.0,0.0,0.05144906207641725,0.0,0.0,,
146,7394,146,0.018306852877572704,1.0,1.0,,,,,
147,7435,147,0.2209155270219999,0.0,0.0,,,,,
148,7492,148,0.04572180860494443,0.0,0.0,,,,,
149,7541,149,0.062945308230206,0.0,0.0,,,,,
150,7606,150,0.031389215370941206,1.0,1.0,,,,,
151,7663,151,0.021876000260402047,1.0,1.0,,,,,
152,7712,152,0.01777503200408925,1.0,1.0,,,,,
153,7777,153,0.05851835317716905,0.0,0.0,0.023933343066067325,1.0,1.0,,
154,7850,154,0.04140478008789007,0.0,0.0,,,,,
155,7907,155,0.07787466097627203,0.0,0.0,,,,,
156,7940,156,0.08459506492392393,0.0,0.0,,,,,
157,7997,157,0.014827071756704493,1.0,1.0,,,,,
158,8030,158,0.21598859588339112,0.0,0.0,,,,,
159,8047,159,0.33551782325550455,0.0,0.0,,,,,
160,8080,160,0.13411493260767202,0.0,0.0,,,,,
161,8113,161,0.03586402187624799,1.0,1.0,0.22283218326530915,0.0,0.0,,
162,8154,162,0.03461368351355031,1.0,1.0,,,,,
163,8227,163,0.017944200098110687,1.0,1.0,,,,,
164,8260,164,0.056479540690875185,0.0,0.0,,,,,
165,8317,165,0.04511644606142259,1.0,1.0,,,,,
166,8382,166,0.11341887676195711,0.0,0.0,,,,,
167,8447,167,0.0514969720875348,0.0,0.0,,,,,
168,8520,168,0.024004511820698,1.0,1.0,,,,,
169,8585,169,0.04384831982416251,0.0,0.0,0.02233012569439135,1.0,1.0,,
170,8642,170,0.05578382579607673,0.0,0.0,,,,,
171,8675,171,0.037754205916044156,1.0,1.0,,,,,
172,8724,172,0.08448929869579538,0.0,0.0,,,,,
173,8765,173,0.15342937168692153,0.0,0.0,,,,,
174,8822,174,0.048614185777609495,0.0,0.0,,,,,
175,8879,175,0.02485576984177507,1.0,1.0,,,,,
176,8928,176,0.14288869633870488,0.0,0.0,,,,,
177,8969,177,0.012955238962953447,1.0,1.0,0.08076403313225398,0.0,0.0,,
178,9018,178,0.12333179235717276,0.0,0.0,,,,,
179,9059,179,0.10437541090148444,0.0,0.0,,,,,
180,9124,180,0.041491081869530724,0.0,0.0,,,,,
181,9165,181,0.0642919995269258,0.0,0.0,,,,,
182,9222,182,0.022529009701382684,1.0,1.0,,,,,
183,9247,183,0.19761064354252694,0.0,0.0,,,,,
184,9304,184,0.03422660543335951,1.0,1.0,,,,,
185,9361,185,0.06275310566251781,0.0,0.0,0.020515801130904378,1.0,1.0,,
186,9426,186,0.02640321447412731,1.0,1.0,,,,,
187,9491,187,0.024269903372560294,1.0,1.0,,,,,
188,9572,188,0.03041675576554735,1.0,1.0,,,,,
189,9613,189,0.03698886888894777,0.0,0.0,,,,,
190,9670,190,0.054070757749446516,0.0,0.0,,,,,
191,9743,191,0.0572145142230632,0.0,0.0,,,,,
192,9808,192,0.025516409906158513,1.0,1.0,,,,,
193,9865,193,0.06654692420623697,0.0,0.0,0.0751032767823805,0.0,0.0,,
194,9914,194,0.01998742783665875,1.0,1.0,,,,,
195,9963,195,0.02413954852009283,1.0,1.0,,,,,
196,9988,196,0.022215713415547116,1.0,1.0,,,,,
197,10037,197,0.19148216609655414,0.0,0.0,,,,,
198,10094,198,0.03101012748849046,1.0,1.0,,,,,
199,10143,199,0.041644752970551056,0.0,0.0,,,,,
200,10176,200,0.03958627857281499,1.0,1.0,,,,,
201,10217,201,0.03400070300605148,1.0,1.0,0.020966999391592776,1.0,1.0,,
202,10258,202,0.03707151703704949,0.0,0.0,,,,,
203,10307,203,0.03809263161937148,1.0,1.0,,,,,
204,10372,204,0.02843065291408493,1.0,1.0,,,,,
205,10397,205,0.17780779499444177,0.0,0.0,,,,,
206,10454,206,0.05138358467463279,0.0,0.0,,,,,
207,10479,207,0.19210335695485503,0.0,0.0,,,,,
208,10512,208,0.10514385500981006,0.0,0.0,,,,,
209,10561,209,0.02327689653352233,1.0,1.0,0.028705250097870397,1.0,1.0,,
210,10610,210,0.054765857519984515,0.0,0.0,,,,,
211,10643,211,0.07983298040797308,0.0,0.0,,,,,
212,10700,212,0.05025483478373644,0.0,0.0,,,,,
213,10765,213,0.032830359455283536,0.0,0.0,,,,,
214,10806,214,0.013372997155298433,1.0,1.0,,,,,
215,10863,215,0.03854994242006796,0.0,0.0,,,,,
216,10936,216,0.013548573308590777,1.0,1.0,,,,,
217,10969,217,0.08416467536191703,0.0,0.0,0.02342967808205382,1.0,1.0,,
218,11042,218,0.01506393068678436,1.0,1.0,,,,,
219,11099,219,0.015345951714662635,1.0,1.0,,,,,
220,11156,220,0.06349870532798117,0.0,0.0,,,,,
221,11205,221,0.01993732002123882,1.0,1.0,,,,,
222,11262,222,0.018470041697168458,1.0,1.0,,,,,
223,11367,223,0.01874100377873709,1.0,1.0,,,,,
224,11416,224,0.10682887913084411,0.0,0.0,,,,,
225,11465,225,0.01645397099571483,1.0,1.0,0.02834067615932976,0.0,0.0,,
226,11522,226,0.023900372364649747,1.0,1.0,,,,,
227,11587,227,0.0162269375887945,1.0,1.0,,,,,
228,11636,228,0.01631966642952951,1.0,1.0,,,,,
229,11669,229,0.05362877756100716,0.0,0.0,,,,,
230,11694,230,0.11377034378131308,0.0,0.0,,,,,
231,11759,231,0.12669274545646303,0.0,0.0,,,,,
232,11792,232,0.14413871217636826,0.0,0.0,,,,,
233,11849,233,0.12039958133463448,0.0,0.0,0.0726006445642108,0.0,0.0,,
234,11874,234,0.10917493306834025,0.0,0.5,,,,,
235,11907,235,0.017474066580325597,1.0,1.0,,,,,
236,11956,236,0.02278084337687081,1.0,1.0,,,,,
237,12029,237,0.01797583373264691,1.0,1.0,,,,,
238,12102,238,0.05811511547904349,0.0,0.0,,,,,
239,12175,239,0.0185329440491316,1.0,1.0,,,,,
240,12232,240,0.05043590280030392,0.0,0.0,,,,,
241,12305,241,0.058978831986290364,0.0,0.0,0.01912902676889644,1.0,1.0,,
242,12354,242,0.059722535960271446,0.0,0.0,,,,,
243,12411,243,0.08705459818492661,0.0,0.0,,,,,
244,12476,244,0.021064298941714698,1.0,1.0,,,,,
245,12533,245,0.014926245117490649,1.0,1.0,,,,,
246,12598,246,0.15322959403014463,0.0,0.0,,,,,
247,12655,247,0.035120969039931615,1.0,1.0,,,,,
248,12704,248,0.0579449787409006,0.0,0.0,,,,,
249,12745,249,0.01680573737178929,1.0,1.0,0.04963343526382744,0.0,0.0,,
250,12818,250,0.07238934875380638,0.0,0.0,,,,,
251,12875,251,0.07430821682793715,0.0,0.0,,,,,
252,12916,252,0.11931149682698015,0.0,0.0,,,,,
253,12973,253,0.04472826428487938,0.0,0.0,,,,,
254,13030,254,0.017371236508510524,1.0,1.0,,,,,
255,13087,255,0.025976578432592497,1.0,1.0,,,,,
256,13160,256,0.018956694049084035,1.0,1.0,,,,,
257,13241,257,0.024283351182220938,0.0,0.0,0.18431761026382446,0.0,0.0,,
258,13306,258,0.0757954162652746,0.0,0.0,,,,,
259,13371,259,0.03223652905404606,1.0,1.0,,,,,
260,13428,260,0.025871939799612196,1.0,1.0,,,,,
261,13485,261,0.09000853948272704,0.0,0.0,,,,,
262,13526,262,0.10338567228370812,0.0,0.0,,,,,
263,13567,263,0.019758732750953644,1.0,1.0,,,,,
264,13616,264,0.01572879491694039,1.0,1.0,,,,,
265,13665,265,0.020741188147905328,1.0,1.0,0.02467066249528216,1.0,1.0,,
266,13730,266,0.05324004599661294,0.0,0.0,,,,,
267,13779,267,0.12192934927540286,0.0,0.0,,,,,
268,13852,268,0.018116160517096833,1.0,1.0,,,,,
269,13893,269,0.028644125937484208,1.0,1.0,,,,,
270,13926,270,0.12357382529327877,0.0,0.0,,,,,
271,13951,271,0.10425099302752641,0.0,0.0,,,,,
272,14016,272,0.018115613979675798,1.0,1.0,,,,,
273,14049,273,0.07822569462188766,0.0,0.0,0.03501718737355446,0.0,0.0,,
274,14074,274,0.2689738319868532,0.0,0.0,,,,,
275,14115,275,0.1471450426130323,0.0,0.0,,,,,
276,14180,276,0.04096397763041751,0.0,0.0,,,,,
277,14237,277,0.04126156125063841,0.0,0.0,,,,,
278,14302,278,0.061825036962260355,0.0,0.0,,,,,
279,14327,279,0.1666839832897919,0.0,0.0,,,,,
280,14352,280,0.037989520231058116,1.0,1.0,,,,,
281,14401,281,0.13299366593382425,0.0,0.0,0.017879409947917112,1.0,1.0,,
282,14474,282,0.032835249617201044,0.0,0.0,,,,,
283,14539,283,0.09992525169034708,0.0,0.0,,,,,
284,14572,284,0.06398634753586976,0.0,0.0,,,,,
285,14605,285,0.10436036985016471,0.0,0.0,,,,,
286,14662,286,0.08670455041820657,0.0,0.0,,,,,
287,14711,287,0.058484018146731015,0.0,0.0,,,,,
288,14768,288,0.03597557556948231,1.0,1.0,,,,,
289,14833,289,0.03309359030890732,0.0,0.0,0.06686551120161312,1.0,1.0,,
290,14890,290,0.07513109913753267,0.0,0.0,,,,,
291,14939,291,0.02063791941691913,1.0,1.0,,,,,
292,14996,292,0.01993015974724195,1.0,1.0,,,,,
293,15077,293,0.028733524558904724,1.0,1.0,,,,,
294,15118,294,0.038184995586114386,1.0,1.0,,,,,
295,15167,295,0.027703721390589634,1.0,1.0,,,,,
296,15224,296,0.02229159146615919,1.0,1.0,,,,,
297,15273,297,0.02087648663389094,1.0,1.0,0.02185647776335827,1.0,1.0,,
298,15330,298,0.06732325788120891,0.0,0.0,,,,,
299,15363,299,0.22954705473121975,0.0,0.0,,,,,
300,15412,300,0.05488820842350833,0.0,0.0,,,,,
301,15477,301,0.020804926563055232,1.0,1.0,,,,,
302,15542,302,0.04635475066145773,0.0,0.0,,,,,
303,15607,303,0.015804291486756484,1.0,1.0,,,,,
304,15664,304,0.022714177404476295,1.0,1.0,,,,,
305,15681,305,0.13982427668059244,0.0,0.0,0.038818693128941956,0.0,0.0,,
306,15722,306,0.018849663045955825,1.0,1.0,,,,,
307,15787,307,0.05636965417593729,0.0,0.0,,,,,
308,15828,308,0.024911821472080195,1.0,1.0,,,,,
309,15893,309,0.028717270543030506,1.0,1.0,,,,,
310,15918,310,0.04712016809799631,1.0,1.0,,,,,
311,15967,311,0.08195545331889055,0.0,0.0,,,,,
312,16008,312,0.08271809223679885,0.0,0.0,,,,,
313,16081,313,0.012564696037754352,1.0,1.0,0.025659580466657644,1.0,1.0,,
314,16106,314,0.03539792094682828,1.0,1.0,,,,,
315,16171,315,0.06944272247627396,0.0,0.0,,,,,
316,16236,316,0.03415456389242991,0.0,0.0,,,,,
317,16309,317,0.012805699385341237,1.0,1.0,,,,,
318,16374,318,0.018672323869211027,1.0,1.0,,,,,
319,16439,319,0.017120883658451477,1.0,1.0,,,,,
320,16464,320,0.19934666423594838,0.0,0.5,,,,,
321,16513,321,0.058272027685403974,0.0,0.0,0.21035478072583827,0.0,0.0,,
322,16578,322,0.012425469085198983,1.0,1.0,,,,,
323,16627,323,0.026441451220956265,1.0,1.0,,,,,
324,16692,324,0.023262539871910803,1.0,1.0,,,,,
325,16741,325,0.09219128033651522,0.0,0.0,,,,,
326,16774,326,0.15532364750317584,0.0,0.0,,,,,
327,16815,327,0.050358760989551235,0.0,0.0,,,,,
328,16848,328,0.09734506748139665,0.0,0.0,,,,,
329,16921,329,0.029949312246858928,0.0,0.0,0.02392655666878113,1.0,1.0,,
330,16978,330,0.025787012805757126,1.0,1.0,,,,,
331,17027,331,0.04537405504767473,0.0,0.0,,,,,
332,17052,332,0.06743999450144958,1.0,1.0,,,,,
333,17077,333,0.11976744793175614,0.0,0.0,,,,,
334,17150,334,0.018552458567875067,1.0,1.0,,,,,
335,17191,335,0.03364101804982056,1.0,1.0,,,,,
336,17248,336,0.08061432921071172,0.0,0.0,,,,,
337,17297,337,0.01684071717546677,1.0,1.0,0.03360945282174725,1.0,1.0,,
338,17338,338,0.08768966680188897,0.0,0.5,,,,,
339,17395,339,0.02028169977962144,1.0,1.0,,,,,
340,17452,340,0.07211741749280656,0.0,0.0,,,,,
341,17493,341,0.12959985829604556,0.0,0.0,,,,,
342,17534,342,0.018529429734517183,1.0,1.0,,,,,
343,17599,343,0.09118172911739295,0.0,0.0,,,,,
344,17656,344,0.15001618781127943,0.0,0.0,,,,,
345,17721,345,0.07601829294624622,0.0,0.0,0.015711097344927306,1.0,1.0,,
346,17802,346,0.014034278991333738,1.0,1.0,,,,,
347,17851,347,0.04811082218688777,0.0,0.0,,,,,
348,17892,348,0.07419926533562103,0.0,0.0,,,,,
349,17949,349,0.025964587564935103,1.0,1.0,,,,,
350,17982,350,0.020671358686304302,1.0,1.0,,,,,
351,18071,351,0.07420990233740173,0.0,0.0,,,,,
352,18128,352,0.1322595114915904,0.0,0.0,,,,,
353,18193,353,0.01721989528991969,1.0,1.0,0.12262737498633217,0.0,0.0,,
354,18266,354,0.04497248134455932,0.0,0.0,,,,,
355,18315,355,0.028298636185353034,1.0,1.0,,,,,
356,18364,356,0.01225732031141206,1.0,1.0,,,,,
357,18389,357,0.28269461835909165,0.0,0.0,,,,,
358,18430,358,0.016830364043122242,1.0,1.0,,,,,
359,18495,359,0.01800419907321313,1.0,1.0,,,,,
360,18536,360,0.022495061314632043,1.0,1.0,,,,,
361,18569,361,0.028590197161307743,1.0,1.0,0.03681296736642253,1.0,1.0,,
362,18602,362,0.06558447003890251,1.0,1.0,,,,,
363,18667,363,0.01589953970365059,1.0,1.0,,,,,
364,18732,364,0.01819857946972775,1.0,1.0,,,,,
365,18781,365,0.029413730797441532,1.0,1.0,,,,,
366,18838,366,0.019717192086072175,1.0,1.0,,,,,
367,18879,367,0.04362801517543267,1.0,1.0,,,,,
368,18936,368,0.014564992161773002,1.0,1.0,,,,,
369,18969,369,0.015344385795051494,1.0,1.0,0.023455237743024555,1.0,1.0,,
370,19010,370,0.021281459178399926,1.0,1.0,,,,,
371,19075,371,0.04466444975379772,0.0,0.0,,,,,
372,19148,372,0.01694873274530336,1.0,1.0,,,,,
373,19213,373,0.017534741912264593,1.0,1.0,,,,,
374,19286,374,0.02124239543256484,1.0,1.0,,,,,
375,19359,375,0.027634039319353987,0.0,0.0,,,,,
376,19392,376,0.022032638043066013,1.0,1.0,,,,,
377,19441,377,0.013325112207527733,1.0,1.0,0.16310189876078027,0.0,0.0,,
378,19498,378,0.013710035734737046,1.0,1.0,,,,,
379,19563,379,0.03476250181754949,1.0,1.0,,,,,
380,19596,380,0.10146498834837984,0.0,0.5,,,,,
381,19645,381,0.02344905896395479,1.0,1.0,,,,,
382,19710,382,0.07030664226024612,0.0,0.0,,,,,
383,19807,383,0.07818763529732844,0.0,0.0,,,,,
384,19880,384,0.026914009523281823,1.0,1.0,,,,,
385,19937,385,0.19260445033878829,0.0,0.0,0.02933713155122973,1.0,1.0,,
386,20002,386,0.05573487453060856,0.0,0.0,,,,,
387,20075,387,0.08586923075126278,0.0,0.0,,,,,
388,20124,388,0.0303977045785723,1.0,1.0,,,,,
389,20197,389,0.07444697688800486,0.0,0.0,,,,,
390,20230,390,0.017451923244088903,1.0,1.0,,,,,
391,20303,391,0.022864489231637385,1.0,1.0,,,,,
392,20352,392,0.014889604040654378,1.0,1.0,,,,,
393,20385,393,0.26437882277808966,0.0,0.0,0.08616158884562902,0.0,0.0,,
394,20434,394,0.01506243683668193,1.0,1.0,,,,,
395,20507,395,0.09703208745966914,0.0,0.0,,,,,
396,20572,396,0.014616413791287641,1.0,1.0,,,,,
397,20645,397,0.06455849543108343,0.0,0.0,,,,,
398,20686,398,0.026539878060000778,1.0,1.0,,,,,
399,20751,399,0.04843860914663082,0.0,0.0,,,,,
400,20792,400,0.11351787048991557,0.0,0.0,,,,,
401,20849,401,0.018134875196162414,1.0,1.0,0.025531045465259014,1.0,1.0,0.46000000834465027,0.4345162680456799
402,20898,402,0.01579357452708488,1.0,1.0,,,,,
403,20971,403,0.012237493645049538,1.0,1.0,,,,,
404,21028,404,0.03779899930755034,0.0,0.0,,,,,
405,21101,405,0.010749880250792657,1.0,1.0,,,,,
406,21126,406,0.07796909022452989,0.0,0.0,,,,,
407,21159,407,0.08463552018101154,0.0,0.0,,,,,
408,21208,408,0.0778241281448889,0.0,0.0,,,,,
409,21273,409,0.01630406216660958,1.0,1.0,0.0408743848358472,0.0,0.0,,
410,21306,410,0.07446518249092607,0.0,0.0,,,,,
411,21379,411,0.023541281342990664,1.0,1.0,,,,,
412,21412,412,0.01589089783308282,1.0,1.0,,,,,
413,21461,413,0.11676662836648878,0.0,0.0,,,,,
414,21518,414,0.039156084728734386,0.0,0.0,,,,,
415,21583,415,0.02146762075812205,1.0,1.0,,,,,
416,21632,416,0.05238135405930128,0.0,0.0,,,,,
417,21689,417,0.012986641747091719,1.0,1.0,0.05434769736312774,0.0,0.0,,
418,21762,418,0.022910431933770372,1.0,1.0,,,,,
419,21795,419,0.08962250132164629,0.0,0.0,,,,,
420,21836,420,0.12057837550900877,0.0,0.0,,,,,
421,21893,421,0.029469962052379346,1.0,1.0,,,,,
422,21950,422,0.030246375663700743,1.0,1.0,,,,,
423,21999,423,0.01796437896636007,1.0,1.0,,,,,
424,22040,424,0.0652927458561826,0.0,0.0,,,,,
425,22089,425,0.03842659365802926,1.0,1.0,0.06761406152704148,0.0,0.0,,
426,22130,426,0.018286412799207032,1.0,1.0,,,,,
427,22179,427,0.020074736569646725,1.0,1.0,,,,,
428,22212,428,0.014403701283154078,1.0,1.0,,,,,
429,22269,429,0.022554178124020312,1.0,1.0,,,,,
430,22326,430,0.016809747664596475,1.0,1.0,,,,,
431,22383,431,0.01587537568690355,1.0,1.0,,,,,
432,22424,432,0.07233993498633937,0.0,0.0,,,,,
433,22489,433,0.016736912631807856,1.0,1.0,0.03347443610970913,1.0,1.0,,
434,22554,434,0.05258147856449796,0.0,0.0,,,,,
435,22603,435,0.01999570009692434,1.0,1.0,,,,,
436,22660,436,0.06498032002848893,0.0,0.0,,,,,
437,22725,437,0.014627654944401913,1.0,1.0,,,,,
438,22782,438,0.043121208723633966,0.0,0.0,,,,,
439,22815,439,0.056473977373061646,0.0,0.0,,,,,
440,22864,440,0.029297637851122996,1.0,1.0,,,,,
441,22945,441,0.07220428262844872,0.0,0.0,0.029439300091283562,0.0,0.0,,
442,22978,442,0.0259788606838265,1.0,1.0,,,,,
443,23043,443,0.01668850262582055,1.0,1.0,,,,,
444,23092,444,0.021789347071997624,1.0,1.0,,,,,
445,23117,445,0.11026778381761383,0.0,0.0,,,,,
446,23142,446,0.05480218759759736,1.0,1.0,,,,,
447,23199,447,0.0234232699556024,1.0,1.0,,,,,
448,23240,448,0.017579236037768852,1.0,1.0,,,,,
449,23273,449,0.025966144178928514,1.0,1.0,0.066338249918637,0.0,0.0,,
450,23322,450,0.017365613914259937,1.0,1.0,,,,,
451,23387,451,0.06183936879954728,0.0,0.0,,,,,
452,23460,452,0.021858204075176923,1.0,1.0,,,,,
453,23501,453,0.035917363246324385,1.0,1.0,,,,,
454,23566,454,0.06750319189937727,0.0,0.0,,,,,
455,23639,455,0.015685433781438607,1.0,1.0,,,,,
456,23688,456,0.01882955792932383,1.0,1.0,,,,,
457,23745,457,0.055354520633669115,0.0,0.0,0.09504964770766183,0.0,0.0,,
458,23794,458,0.03267457896909036,0.0,0.0,,,,,
459,23843,459,0.012702202246109665,1.0,1.0,,,,,
460,23916,460,0.036742100547205864,0.0,0.0,,,,,
461,23965,461,0.03724351557747771,1.0,1.0,,,,,
462,24030,462,0.02896040822540783,0.0,0.0,,,,,
463,24063,463,0.015852126715606117,1.0,1.0,,,,,
464,24128,464,0.03180856069842775,1.0,1.0,,,,,
465,24185,465,0.01923820967205951,1.0,1.0,0.028464849433641776,0.0,0.0,,
466,24226,466,0.1254570146285278,0.0,0.0,,,,,
467,24291,467,0.014769817654162125,1.0,1.0,,,,,
468,24340,468,0.02692366734560585,1.0,1.0,,,,,
469,24357,469,0.02695508176460862,1.0,1.0,,,,,
470,24422,470,0.03569580919984418,0.0,0.0,,,,,
471,24487,471,0.04315438268881251,0.0,0.0,,,,,
472,24536,472,0.030457702346417738,1.0,1.0,,,,,
473,24561,473,0.25163084430930516,0.0,0.0,0.02335258103909553,1.0,1.0,,
474,24594,474,0.08024719921667837,0.0,0.0,,,,,
475,24635,475,0.018364089866765423,1.0,1.0,,,,,
476,24684,476,0.02811205071217273,0.0,0.0,,,,,
477,24749,477,0.06000346311326246,0.0,0.0,,,,,
478,24798,478,0.017826405170111075,1.0,1.0,,,,,
479,24871,479,0.02250811878917577,1.0,1.0,,,,,
480,24896,480,0.06928994249373015,1.0,1.0,,,,,
481,24945,481,0.01269795850937953,1.0,1.0,0.014326719524786313,1.0,1.0,,
482,25058,482,0.03859608269919133,0.0,0.0,,,,,
483,25131,483,0.01823324696009371,1.0,1.0,,,,,
484,25196,484,0.019142110906494737,1.0,1.0,,,,,
485,25229,485,0.02791847005020372,1.0,1.0,,,,,
486,25286,486,0.023170315419643945,1.0,1.0,,,,,
487,25359,487,0.012407484064453593,1.0,1.0,,,,,
488,25400,488,0.043629321670721546,0.0,0.0,,,,,
489,25481,489,0.013764330060813335,1.0,1.0,0.013891784983481557,1.0,1.0,,
490,25522,490,0.015626918550435222,1.0,1.0,,,,,
491,25579,491,0.016086880101785342,1.0,1.0,,,,,
492,25644,492,0.05782274920213183,0.0,0.0,,,,,
493,25701,493,0.01722866074544754,1.0,1.0,,,,,
494,25758,494,0.030538239596446602,0.0,0.0,,,,,
495,25831,495,0.02004474251733239,1.0,1.0,,,,,
496,25864,496,0.06802551692693441,0.0,0.0,,,,,
497,25929,497,0.012130993729942342,1.0,1.0,0.01669623863642692,1.0,1.0,,
498,25994,498,0.01010864595385101,1.0,1.0,,,,,
499,26035,499,0.027103237851713858,1.0,1.0,,,,,
500,26100,500,0.01529700425440524,1.0,1.0,,,,,
501,26125,501,0.022951830693624893,1.0,1.0,,,,,
502,26158,502,0.023965002317727625,1.0,1.0,,,,,
503,26223,503,0.049336096907402406,0.0,0.0,,,,,
504,26256,504,0.019505842101025905,1.0,1.0,,,,,
505,26313,505,0.019384739900485455,1.0,1.0,0.03572383430587252,1.0,1.0,,
506,26362,506,0.016286532072257005,1.0,1.0,,,,,
507,26435,507,0.01497356032071467,1.0,1.0,,,,,
508,26492,508,0.015638511401768935,1.0,1.0,,,,,
509,26525,509,0.015733412679619505,1.0,1.0,,,,,
510,26574,510,0.05519297243876281,0.0,0.0,,,,,
511,26599,511,0.04359351217493288,1.0,1.0,,,,,
512,26656,512,0.014948867180653167,1.0,1.0,,,,,
513,26697,513,0.019210104716767092,1.0,1.0,0.01232021029958498,1.0,1.0,,
514,26762,514,0.02392347588730672,1.0,1.0,,,,,
515,26827,515,0.011564423674187436,1.0,1.0,,,,,
516,26892,516,0.020127091701666017,1.0,1.0,,,,,
517,26941,517,0.014014250053979821,1.0,1.0,,,,,
518,26974,518,0.18521084902196208,0.0,0.0,,,,,
519,27039,519,0.059666706159999305,0.0,0.0,,,,,
520,27064,520,0.01346854571898196,1.0,1.0,,,,,
521,27105,521,0.008576042461390898,1.0,1.0,0.038107613325743535,0.0,0.0,,
522,27154,522,0.02451622069614435,1.0,1.0,,,,,
523,27187,523,0.054089149348483266,0.0,0.0,,,,,
524,27252,524,0.02593128727690782,1.0,1.0,,,,,
525,27309,525,0.11998714718606801,0.0,0.0,,,,,
526,27382,526,0.012207052769713803,1.0,1.0,,,,,
527,27447,527,0.09482502687382122,0.0,0.0,,,,,
528,27520,528,0.025323419437237864,1.0,1.0,,,,,
529,27553,529,0.014139146501456708,1.0,1.0,0.012519726852869438,1.0,1.0,,
530,27594,530,0.015811788746867932,1.0,1.0,,,,,
531,27627,531,0.02383042161493165,1.0,1.0,,,,,
532,27692,532,0.01692742350562021,1.0,1.0,,,,,
533,27717,533,0.016500822375819554,1.0,1.0,,,,,
534,27782,534,0.028787251416299002,0.0,0.0,,,,,
535,27839,535,0.013268281492148697,1.0,1.0,,,,,
536,27872,536,0.013691041603573807,1.0,1.0,,,,,
537,27921,537,0.009595368705361661,1.0,1.0,0.03850121003096501,1.0,1.0,,
538,27954,538,0.00936074180856366,1.0,1.0,,,,,
539,27995,539,0.02070050988555886,1.0,1.0,,,,,
540,28076,540,0.012749259414058118,1.0,1.0,,,,,
541,28133,541,0.01579852662768969,1.0,1.0,,,,,
542,28182,542,0.018547403707314628,1.0,1.0,,,,,
543,28223,543,0.11850275616458383,0.0,0.0,,,,,
544,28272,544,0.016979992066870578,1.0,1.0,,,,,
545,28337,545,0.030268026290898715,1.0,1.0,0.07133550642585501,0.0,0.0,,
546,28362,546,0.08322075593891592,0.0,0.0,,,,,
547,28419,547,0.05350302197642179,0.0,0.0,,,,,
548,28468,548,0.025335105145168197,1.0,1.0,,,,,
549,28517,549,0.014461917563785388,1.0,1.0,,,,,
550,28558,550,0.14461795095957317,0.0,0.0,,,,,
551,28591,551,0.0170224988448922,1.0,1.0,,,,,
552,28632,552,0.015538003804489565,1.0,1.0,,,,,
553,28657,553,0.016705055072452523,1.0,1.0,0.03158777084356795,1.0,1.0,,
554,28722,554,0.014425405304641951,1.0,1.0,,,,,
555,28755,555,0.011017724210027495,1.0,1.0,,,,,
556,28796,556,0.027172688892576846,1.0,1.0,,,,,
557,28861,557,0.07579302854365778,0.0,0.0,,,,,
558,28902,558,0.017087764348020302,1.0,1.0,,,,,
559,28959,559,0.012063638534878648,1.0,1.0,,,,,
560,29016,560,0.02155613040220984,1.0,1.0,,,,,
561,29089,561,0.04858038812314868,0.0,0.0,0.031241781251193715,0.0,0.0,,
562,29122,562,0.03108114078064734,1.0,1.0,,,,,
563,29179,563,0.016588915018843044,1.0,1.0,,,,,
564,29204,564,0.11300323963868703,0.0,0.0,,,,,
565,29229,565,0.02154633719194559,1.0,1.0,,,,,
566,29294,566,0.017291873304537547,1.0,1.0,,,,,
567,29375,567,0.008632211221012213,1.0,1.0,,,,,
568,29408,568,0.027701345272760705,1.0,1.0,,,,,
569,29457,569,0.07086988564270225,0.0,0.5,0.04414032928217182,0.0,0.0,,
570,29474,570,0.03315764985224519,1.0,1.0,,,,,
571,29531,571,0.03377191382325618,0.0,0.0,,,,,
572,29596,572,0.01329269474693362,1.0,1.0,,,,,
573,29653,573,0.11859061467055515,0.0,0.0,,,,,
574,29718,574,0.05698670646255438,0.0,0.0,,,,,
575,29791,575,0.02983096535547364,1.0,1.0,,,,,
576,29832,576,0.012395772693071195,1.0,1.0,,,,,
577,29881,577,0.09610845249943613,0.0,0.0,0.2546423257751303,0.0,0.0,,
578,29946,578,0.01200581705997756,1.0,1.0,,,,,
579,30019,579,0.027344613621940964,1.0,1.0,,,,,
580,30084,580,0.017261637864336307,1.0,1.0,,,,,
581,30117,581,0.13086754535644957,0.0,0.0,,,,,
582,30158,582,0.020967442941275297,1.0,1.0,,,,,
583,30199,583,0.013116850901148953,1.0,1.0,,,,,
584,30240,584,0.01681565895841777,1.0,1.0,,,,,
585,30273,585,0.07649511123738194,0.0,0.0,0.020979855350306026,1.0,1.0,,
586,30346,586,0.016074602199625285,1.0,1.0,,,,,
587,30371,587,0.02482598631201654,1.0,1.0,,,,,
588,30436,588,0.035787239146844174,1.0,1.0,,,,,
589,30477,589,0.01852583028490017,1.0,1.0,,,,,
590,30534,590,0.016079289329895233,1.0,1.0,,,,,
591,30591,591,0.03950842844181423,0.0,0.0,,,,,
592,30656,592,0.012767026268632931,1.0,1.0,,,,,
593,30681,593,0.18390186870237812,0.0,0.5,0.013280909288713331,1.0,1.0,,
594,30730,594,0.022597665114221094,1.0,1.0,,,,,
595,30787,595,0.018857440216903915,1.0,1.0,,,,,
596,30804,596,0.04870990942272328,1.0,1.0,,,,,
597,30853,597,0.1016988362592133,0.0,0.0,,,,,
598,30918,598,0.03155501513259601,0.0,0.0,,,,,
599,30959,599,0.08605950169789323,0.0,0.5,,,,,
600,31000,600,0.11709684289918874,0.0,0.0,,,,,
601,31049,601,0.03161848758594203,1.0,1.0,0.02186833364205394,1.0,1.0,,
602,31114,602,0.024464411934732193,0.0,0.0,,,,,
603,31179,603,0.018237131664273463,1.0,1.0,,,,,
604,31220,604,0.01535363708618131,1.0,1.0,,,,,
605,31261,605,0.02147535552714544,1.0,1.0,,,,,
606,31310,606,0.04600589146529577,0.0,0.0,,,,,
607,31383,607,0.019911419933499288,1.0,1.0,,,,,
608,31448,608,0.014790126541685992,1.0,1.0,,,,,
609,31505,609,0.010502198748432036,1.0,1.0,0.10075645436814931,0.0,0.0,,
610,31562,610,0.019289322887552283,1.0,1.0,,,,,
611,31635,611,0.011282231105611168,1.0,1.0,,,,,
612,31740,612,0.014600163313941983,1.0,1.0,,,,,
613,31797,613,0.04134868177596493,0.0,0.0,,,,,
614,31854,614,0.019191929026248673,1.0,1.0,,,,,
615,31895,615,0.014016828195726475,1.0,1.0,,,,,
616,31952,616,0.02597086057028556,1.0,1.0,,,,,
617,32001,617,0.013886473692694684,1.0,1.0,0.02973851188970522,0.0,0.0,,
618,32026,618,0.009398601288055109,1.0,1.0,,,,,
619,32075,619,0.03229307026838266,1.0,1.0,,,,,
620,32132,620,0.016890647021624627,1.0,1.0,,,,,
621,32173,621,0.01713020314223377,1.0,1.0,,,,,
622,32198,622,0.11438573395522933,0.0,0.0,,,,,
623,32271,623,0.015317274856793375,1.0,1.0,,,,,
624,32312,624,0.014524031858881188,1.0,1.0,,,,,
625,32353,625,0.020954242692380942,1.0,1.0,0.012295078057841427,1.0,1.0,,
626,32378,626,0.06026245630559666,0.0,0.0,,,,,
627,32451,627,0.016647777401011272,1.0,1.0,,,,,
628,32484,628,0.010639683440010688,1.0,1.0,,,,,
629,32541,629,0.015807805895041903,1.0,1.0,,,,,
630,32590,630,0.013924723536456438,1.0,1.0,,,,,
631,32623,631,0.02880446817416242,1.0,1.0,,,,,
632,32672,632,0.01816069785571623,1.0,1.0,,,,,
633,32761,633,0.06707822164079034,0.0,0.0,0.02032889713928431,1.0,1.0,,
634,32834,634,0.06929317114281933,0.0,0.0,,,,,
635,32883,635,0.01422504712723821,1.0,1.0,,,,,
636,32924,636,0.014498116153315097,1.0,1.0,,,,,
637,32973,637,0.012646481408996805,1.0,1.0,,,,,
638,33030,638,0.015473260149310589,1.0,1.0,,,,,
639,33087,639,0.016992243908441975,1.0,1.0,,,,,
640,33152,640,0.01723242314625986,1.0,1.0,,,,,
641,33209,641,0.02023055673306089,1.0,1.0,0.010394777824235165,1.0,1.0,,
642,33242,642,0.030639760918320463,1.0,1.0,,,,,
643,33307,643,0.013529956924907287,1.0,1.0,,,,,
644,33356,644,0.020980600110426434,1.0,1.0,,,,,
645,33413,645,0.01662731767023121,1.0,1.0,,,,,
646,33470,646,0.026205978110972732,0.0,0.0,,,,,
647,33535,647,0.014266604646194595,1.0,1.0,,,,,
648,33568,648,0.012486879587795556,1.0,1.0,,,,,
649,33625,649,0.016387999560958114,1.0,1.0,0.06364252091237631,0.0,0.0,,
650,33682,650,0.014895213081040146,1.0,1.0,,,,,
651,33739,651,0.04433164868222645,0.0,0.0,,,,,
652,33820,652,0.04400659072269378,0.0,0.0,,,,,
653,33861,653,0.03794309339153097,1.0,1.0,,,,,
654,33886,654,0.026213843178267474,1.0,1.0,,,,,
655,33943,655,0.14374918338403014,0.0,0.0,,,,,
656,34000,656,0.03189626940089965,1.0,1.0,,,,,
657,34065,657,0.015662739840094843,1.0,1.0,0.022439503730298994,1.0,1.0,,
658,34138,658,0.01865647939824093,1.0,1.0,,,,,
659,34171,659,0.012137013502704692,1.0,1.0,,,,,
660,34228,660,0.021604187873511236,1.0,1.0,,,,,
661,34285,661,0.013355294316054572,1.0,1.0,,,,,
662,34350,662,0.02444335076871777,1.0,1.0,,,,,
663,34383,663,0.10270296802151677,0.0,0.0,,,,,
664,34424,664,0.02674134585071495,1.0,1.0,,,,,
665,34497,665,0.025013330200603527,1.0,1.0,0.014777656057897562,1.0,1.0,,
666,34554,666,0.012381869507078052,1.0,1.0,,,,,
667,34595,667,0.015828963594180095,1.0,1.0,,,,,
668,34636,668,0.07737304133837233,0.0,0.0,,,,,
669,34709,669,0.017805567740652648,1.0,1.0,,,,,
670,34790,670,0.016329072124906134,1.0,1.0,,,,,
671,34839,671,0.10071556121149634,0.0,0.0,,,,,
672,34896,672,0.0117792259420328,1.0,1.0,,,,,
673,34961,673,0.015332740526958549,1.0,1.0,0.012026209951514261,1.0,1.0,,
674,34994,674,0.011963281468852074,1.0,1.0,,,,,
675,35059,675,0.0212142898891031,1.0,1.0,,,,,
676,35108,676,0.02276324755731366,1.0,1.0,,,,,
677,35173,677,0.01643832693895604,1.0,1.0,,,,,
678,35246,678,0.02049025071556217,1.0,1.0,,,,,
679,35311,679,0.02272930594208702,1.0,1.0,,,,,
680,35368,680,0.013214738436850847,1.0,1.0,,,,,
681,35433,681,0.010730946465743775,1.0,1.0,0.01631232720502264,1.0,1.0,,
682,35474,682,0.015280695076859047,1.0,1.0,,,,,
683,35539,683,0.011737342757377266,1.0,1.0,,,,,
684,35572,684,0.07328736328751803,0.0,0.0,,,,,
685,35629,685,0.046951786918003335,0.0,0.0,,,,,
686,35686,686,0.08124058641992307,0.0,0.0,,,,,
687,35727,687,0.008744915784473277,1.0,1.0,,,,,
688,35784,688,0.027288766955380198,0.0,0.0,,,,,
689,35833,689,0.021622883814695796,1.0,1.0,0.02142821730641117,1.0,1.0,,
690,35858,690,0.01422496240075437,1.0,1.0,,,,,
691,35875,691,0.14339825358768166,0.0,0.0,,,,,
692,35956,692,0.03809743834113603,0.0,0.0,,,,,
693,35997,693,0.03104291513238491,1.0,1.0,,,,,
694,36054,694,0.017630683638786674,1.0,1.0,,,,,
695,36079,695,0.058606581926796936,1.0,1.0,,,,,
696,36136,696,0.01957029184551483,1.0,1.0,,,,,
697,36201,697,0.017262718104549532,1.0,1.0,0.013990872053179658,1.0,1.0,,
698,36242,698,0.0138909645829292,1.0,1.0,,,,,
699,36307,699,0.02287823672656124,1.0,1.0,,,,,
700,36372,700,0.018685030106378377,1.0,1.0,,,,,
701,36445,701,0.013158660516567234,1.0,1.0,,,,,
702,36494,702,0.018699361857870397,1.0,1.0,,,,,
703,36527,703,0.01354650038171144,1.0,1.0,,,,,
704,36592,704,0.01536493233841128,1.0,1.0,,,,,
705,36689,705,0.07396796040388426,0.0,0.0,0.017129335010207716,1.0,1.0,,
706,36754,706,0.019147391789393,1.0,1.0,,,,,
707,36811,707,0.018724718776992565,1.0,1.0,,,,,
708,36868,708,0.023756357906742583,1.0,1.0,,,,,
709,36893,709,0.12236890426306124,0.0,0.0,,,,,
710,36926,710,0.010062537228014038,1.0,1.0,,,,,
711,36991,711,0.012346544040758545,1.0,1.0,,,,,
712,37040,712,0.013358266712691,1.0,1.0,,,,,
713,37089,713,0.01976996062174597,1.0,1.0,0.017792825995020394,1.0,1.0,,
714,37130,714,0.06623540847300319,0.0,0.0,,,,,
715,37195,715,0.017843128372452614,1.0,1.0,,,,,
716,37228,716,0.01453553395018389,1.0,1.0,,,,,
717,37285,717,0.014406540336415544,1.0,1.0,,,,,
718,37342,718,0.09551589154186606,0.0,0.0,,,,,
719,37391,719,0.056554903865489906,0.0,0.0,,,,,
720,37416,720,0.09509015714070604,0.0,0.0,,,,,
721,37457,721,0.008589029745593507,1.0,1.0,0.032014244464102275,1.0,1.0,,
722,37522,722,0.014792768876074548,1.0,1.0,,,,,
723,37587,723,0.010265799065972568,1.0,1.0,,,,,
724,37660,724,0.013158751596349608,1.0,1.0,,,,,
725,37717,725,0.05762884766173729,0.0,0.0,,,,,
726,37782,726,0.013492559157344104,1.0,1.0,,,,,
727,37839,727,0.01619087597253383,1.0,1.0,,,,,
728,37896,728,0.048151666828177245,0.0,0.0,,,,,
729,37937,729,0.08051501747770046,0.0,0.0,0.13973017677097233,0.0,0.5,,
730,38002,730,0.021014760878743176,1.0,1.0,,,,,
731,38051,731,0.11575597766484863,0.0,0.0,,,,,
732,38100,732,0.035530800118005086,0.0,0.0,,,,,
733,38173,733,0.02321003279658309,0.0,0.0,,,,,
734,38246,734,0.01227177515927749,1.0,1.0,,,,,
735,38303,735,0.02637580439665336,1.0,1.0,,,,,
736,38360,736,0.03535908699876001,0.0,0.0,,,,,
737,38385,737,0.3057682053829679,0.0,0.0,0.1291466869740668,0.0,0.0,,
738,38418,738,0.01826858834225277,1.0,1.0,,,,,
739,38459,739,0.08031708407288897,0.0,0.0,,,,,
740,38532,740,0.013629015064375884,1.0,1.0,,,,,
741,38605,741,0.027391225718708716,0.0,0.0,,,,,
742,38662,742,0.016205094197149897,1.0,1.0,,,,,
743,38743,743,0.01935979785464781,1.0,1.0,,,,,
744,38784,744,0.0716014445249457,0.0,0.0,,,,,
745,38833,745,0.06772000316541872,0.0,0.0,0.028117533579028305,1.0,1.0,,
746,38874,746,0.053446552480406355,1.0,1.0,,,,,
747,38923,747,0.051715801906808946,0.0,0.0,,,,,
748,38956,748,0.009093128274389527,1.0,1.0,,,,,
749,39005,749,0.06841655114283526,0.0,0.5,,,,,
750,39062,750,0.015357169987094039,1.0,1.0,,,,,
751,39095,751,0.02196519219048014,1.0,1.0,,,,,
752,39168,752,0.023350326989089783,0.0,0.0,,,,,
753,39225,753,0.05711836556872428,0.0,0.0,0.01670973989496891,1.0,1.0,,
754,39274,754,0.02756634631654985,0.0,0.0,,,,,
755,39347,755,0.01574728282030391,1.0,1.0,,,,,
756,39380,756,0.02032171198424635,1.0,1.0,,,,,
757,39453,757,0.010201639661824358,1.0,1.0,,,,,
758,39478,758,0.054366631955995226,1.0,1.0,,,,,
759,39551,759,0.04648630796352089,0.0,0.0,,,,,
760,39568,760,0.10617588881723349,1.0,1.0,,,,,
761,39617,761,0.02293076108554184,1.0,1.0,0.011369793896637552,1.0,1.0,,
762,39666,762,0.013337582705565485,1.0,1.0,,,,,
763,39715,763,0.017209577521328658,1.0,1.0,,,,,
764,39772,764,0.010905560155854671,1.0,1.0,,,,,
765,39837,765,0.061595222537744125,0.0,0.0,,,,,
766,39886,766,0.015467969658760315,1.0,1.0,,,,,
767,39951,767,0.012619377856127514,1.0,1.0,,,,,
768,40008,768,0.022726963176068822,1.0,1.0,,,,,
769,40041,769,0.011029501781891327,1.0,1.0,0.03902360188442572,0.0,0.0,,
770,40074,770,0.07555219531006514,0.0,0.0,,,,,
771,40107,771,0.049828092702712184,0.0,0.0,,,,,
772,40124,772,0.19817903824390215,0.0,0.0,,,,,
773,40189,773,0.011202671978547461,1.0,1.0,,,,,
774,40262,774,0.011718475571675463,1.0,1.0,,,,,
775,40303,775,0.013321986934373854,1.0,1.0,,,,,
776,40360,776,0.015930076386536516,1.0,1.0,,,,,
777,40401,777,0.01638612747615116,1.0,1.0,0.049962240402321244,0.0,0.0,,
778,40458,778,0.018826873787019045,1.0,1.0,,,,,
779,40507,779,0.013019673553011821,1.0,1.0,,,,,
780,40556,780,0.03360132231831624,0.0,0.0,,,,,
781,40629,781,0.048264530833211104,0.0,0.0,,,,,
782,40662,782,0.10122924206543302,0.0,0.0,,,,,
783,40719,783,0.013007499734734671,1.0,1.0,,,,,
784,40776,784,0.018523442289764328,1.0,1.0,,,,,
785,40809,785,0.02703336774437528,1.0,1.0,0.022450794050312355,1.0,1.0,,
786,40866,786,0.01631068379979853,1.0,1.0,,,,,
787,40939,787,0.05968505986079258,0.0,0.0,,,,,
788,40972,788,0.021556824528925066,1.0,1.0,,,,,
789,41045,789,0.018279911712746375,1.0,1.0,,,,,
790,41110,790,0.012934355040450499,1.0,1.0,,,,,
791,41143,791,0.00894946505106418,1.0,1.0,,,,,
792,41216,792,0.036826827965721044,0.0,0.0,,,,,
793,41265,793,0.0263953716886086,1.0,1.0,0.09427481390809891,0.0,0.0,,
794,41338,794,0.017044373708462027,1.0,1.0,,,,,
795,41363,795,0.020364263649098574,1.0,1.0,,,,,
796,41388,796,0.014293519659743953,1.0,1.0,,,,,
797,41445,797,0.01602153759126281,1.0,1.0,,,,,
798,41486,798,0.01359599555800014,1.0,1.0,,,,,
799,41543,799,0.013849880602471994,1.0,1.0,,,,,
800,41584,800,0.01388581614492796,1.0,1.0,,,,,
801,41641,801,0.013479416786399918,1.0,1.0,0.013390455884577596,1.0,1.0,,
802,41690,802,0.013987751030203225,1.0,1.0,,,,0.5899999737739563,0.5632408293460925
803,41739,803,0.014889838421444687,1.0,1.0,,,,,
804,41788,804,0.018016609125008166,1.0,1.0,,,,,
805,41821,805,0.01837680286603245,1.0,1.0,,,,,
806,41878,806,0.014178277923701176,1.0,1.0,,,,,
807,41927,807,0.012438869844116499,1.0,1.0,,,,,
808,41992,808,0.012385531402254913,1.0,1.0,,,,,
809,42049,809,0.010768114457060675,1.0,1.0,0.05303355746341879,0.0,0.0,,
810,42114,810,0.03501455444534813,0.0,0.0,,,,,
811,42171,811,0.012962840462836403,1.0,1.0,,,,,
812,42236,812,0.011970468793128646,1.0,1.0,,,,,
813,42293,813,0.015598506237326351,1.0,1.0,,,,,
814,42366,814,0.01007950391467922,1.0,1.0,,,,,
815,42391,815,0.02563973876899884,1.0,1.0,,,,,
816,42408,816,0.021832119410519227,1.0,1.0,,,,,
817,42473,817,0.014061288411602958,1.0,1.0,0.07706822585314524,0.0,0.0,,
818,42514,818,0.012455669953526012,1.0,1.0,,,,,
819,42587,819,0.01578390138886011,1.0,1.0,,,,,
820,42628,820,0.010715395709076462,1.0,1.0,,,,,
821,42677,821,0.01643756469287003,1.0,1.0,,,,,
822,42726,822,0.019978112152925765,1.0,1.0,,,,,
823,42783,823,0.012105143830555755,1.0,1.0,,,,,
824,42840,824,0.012261502837400207,1.0,1.0,,,,,
825,42881,825,0.01866875053882336,1.0,1.0,0.05416501350991666,0.0,0.0,,
826,42938,826,0.017544065701938588,1.0,1.0,,,,,
827,42987,827,0.03380603515369633,1.0,1.0,,,,,
828,43052,828,0.01560565015592599,1.0,1.0,,,,,
829,43093,829,0.017304574359136068,1.0,1.0,,,,,
830,43118,830,0.017338765280049604,1.0,1.0,,,,,
831,43159,831,0.012161302374021035,1.0,1.0,,,,,
832,43216,832,0.017591740619441226,1.0,1.0,,,,,
833,43297,833,0.018181604913065152,1.0,1.0,0.012698199950617437,1.0,1.0,,
834,43354,834,0.012259393506972296,1.0,1.0,,,,,
835,43419,835,0.011264211158908868,1.0,1.0,,,,,
836,43468,836,0.011321740356185727,1.0,1.0,,,,,
837,43525,837,0.016378893977598768,1.0,1.0,,,,,
838,43558,838,0.008800646385990925,1.0,1.0,,,,,
839,43607,839,0.02177773419892522,1.0,1.0,,,,,
840,43680,840,0.019361085027904193,1.0,1.0,,,,,
841,43721,841,0.012378653888102234,1.0,1.0,0.010904122185861242,1.0,1.0,,
842,43762,842,0.02006115993245294,1.0,1.0,,,,,
843,43803,843,0.014781354050540358,1.0,1.0,,,,,
844,43820,844,0.02332424999543946,1.0,1.0,,,,,
845,43861,845,0.02423685192528865,1.0,1.0,,,,,
846,43926,846,0.018988220719115247,1.0,1.0,,,,,
847,43983,847,0.013022901900770947,1.0,1.0,,,,,
848,44056,848,0.01698472221093665,1.0,1.0,,,,,
849,44089,849,0.009433345441982795,1.0,1.0,0.01193054979125402,1.0,1.0,,
850,44154,850,0.015596660121777005,1.0,1.0,,,,,
851,44187,851,0.010968632830674457,1.0,1.0,,,,,
852,44236,852,0.012442576116878854,1.0,1.0,,,,,
853,44309,853,0.019803632934999593,1.0,1.0,,,,,
854,44366,854,0.10994600897924213,0.0,0.0,,,,,
855,44463,855,0.03128234899048863,0.0,0.0,,,,,
856,44520,856,0.015514260761200539,1.0,1.0,,,,,
857,44569,857,0.008461907988023919,1.0,1.0,0.016337330962577713,1.0,1.0,,
858,44626,858,0.01849070680900879,1.0,1.0,,,,,
859,44683,859,0.012359038944744204,1.0,1.0,,,,,
860,44732,860,0.011208530813081267,1.0,1.0,,,,,
861,44781,861,0.013710040458696575,1.0,1.0,,,,,
862,44854,862,0.013080942807194225,1.0,1.0,,,,,
863,44911,863,0.04338640459562367,0.0,0.0,,,,,
864,44984,864,0.019250671551809605,1.0,1.0,,,,,
865,45041,865,0.012460535690374995,1.0,1.0,0.035363551793813744,0.0,0.0,,
866,45090,866,0.0143252267444304,1.0,1.0,,,,,
867,45123,867,0.015477756623592428,1.0,1.0,,,,,
868,45156,868,0.007771557712121648,1.0,1.0,,,,,
869,45221,869,0.011003562752031171,1.0,1.0,,,,,
870,45262,870,0.007999768251820511,1.0,1.0,,,,,
871,45303,871,0.016598280321020866,1.0,1.0,,,,,
872,45368,872,0.014246330932711012,1.0,1.0,,,,,
873,45417,873,0.011150667803431134,1.0,1.0,0.014508932490684773,1.0,1.0,,
874,45490,874,0.020274879237030884,1.0,1.0,,,,,
875,45555,875,0.03352637886242533,0.0,0.0,,,,,
876,45580,876,0.00902070787356505,1.0,1.0,,,,,
877,45645,877,0.024527871124773955,0.0,0.0,,,,,
878,45686,878,0.007455469510023478,1.0,1.0,,,,,
879,45735,879,0.019162520591389662,1.0,1.0,,,,,
880,45784,880,0.013095120633805664,1.0,1.0,,,,,
881,45817,881,0.013573485223632817,1.0,1.0,0.16042041299025186,0.0,0.0,,
882,45874,882,0.014598240677919209,1.0,1.0,,,,,
883,45907,883,0.010016006113928383,1.0,1.0,,,,,
884,45940,884,0.012743198080452205,1.0,1.0,,,,,
885,45965,885,0.012200084897846561,1.0,1.0,,,,,
886,45982,886,0.015246162294060922,1.0,1.0,,,,,
887,46031,887,0.015698444194581686,1.0,1.0,,,,,
888,46064,888,0.008645461515055786,1.0,1.0,,,,,
889,46129,889,0.012581376963845231,1.0,1.0,0.022511465438043658,1.0,1.0,,
890,46194,890,0.007849408693370918,1.0,1.0,,,,,
891,46251,891,0.01266721151775882,1.0,1.0,,,,,
892,46276,892,0.019366559743745407,1.0,1.0,,,,,
893,46349,893,0.0115323469417976,1.0,1.0,,,,,
894,46406,894,0.018739562251662314,1.0,1.0,,,,,
895,46463,895,0.013443109669180869,1.0,1.0,,,,,
896,46520,896,0.015391126833962484,1.0,1.0,,,,,
897,46561,897,0.016042719600950592,1.0,1.0,0.012788693261524386,1.0,1.0,,
898,46634,898,0.015119841333245804,1.0,1.0,,,,,
899,46675,899,0.016865151129768153,1.0,1.0,,,,,
900,46740,900,0.010252692074288718,1.0,1.0,,,,,
901,46805,901,0.013932330485540411,1.0,1.0,,,,,
902,46870,902,0.014479538339777127,1.0,1.0,,,,,
903,46935,903,0.011484743051527318,1.0,1.0,,,,,
904,47008,904,0.020391205980292978,1.0,1.0,,,,,
905,47065,905,0.011002598877004966,1.0,1.0,0.03899618037914831,0.0,0.0,,
906,47138,906,0.01026544204600441,1.0,1.0,,,,,
907,47171,907,0.009732244641456729,1.0,1.0,,,,,
908,47220,908,0.012482505248193929,1.0,1.0,,,,,
909,47285,909,0.009823597767025636,1.0,1.0,,,,,
910,47334,910,0.006704906380787369,1.0,1.0,,,,,
911,47391,911,0.011874186407490665,1.0,1.0,,,,,
912,47424,912,0.020408578224240727,1.0,1.0,,,,,
913,47489,913,0.011741088746151611,1.0,1.0,0.026312811582033642,1.0,1.0,,
914,47554,914,0.019328673505383424,1.0,1.0,,,,,
915,47603,915,0.012125259351266491,1.0,1.0,,,,,
916,47716,916,0.01723040048137537,1.0,1.0,,,,,
917,47773,917,0.015535581623055647,1.0,1.0,,,,,
918,47838,918,0.016901497966626378,1.0,1.0,,,,,
919,47863,919,0.012111692641655814,1.0,1.0,,,,,
920,47928,920,0.01247311651821958,1.0,1.0,,,,,
921,47993,921,0.019005028673184585,1.0,1.0,0.0606374959214213,0.0,0.0,,
922,48066,922,0.010195633670189939,1.0,1.0,,,,,
923,48123,923,0.0220996838955812,1.0,1.0,,,,,
924,48196,924,0.012595823611564406,1.0,1.0,,,,,
925,48253,925,0.010789356156879737,1.0,1.0,,,,,
926,48318,926,0.0109929357789985,1.0,1.0,,,,,
927,48351,927,0.00975147843220095,1.0,1.0,,,,,
928,48392,928,0.015163482805102832,1.0,1.0,,,,,
929,48417,929,0.013044792258533564,1.0,1.0,0.0805838623524849,0.0,0.0,,
930,48466,930,0.012528872437476912,1.0,1.0,,,,,
931,48539,931,0.013147155737347377,1.0,1.0,,,,,
932,48572,932,0.008961173099463053,1.0,1.0,,,,,
933,48629,933,0.012241424890984913,1.0,1.0,,,,,
934,48678,934,0.012322740065484353,1.0,1.0,,,,,
935,48703,935,0.008415775611247227,1.0,1.0,,,,,
936,48736,936,0.014093377183273147,1.0,1.0,,,,,
937,48761,937,0.012615236423152962,1.0,1.0,0.04284533546396309,0.0,0.0,,
938,48818,938,0.012565717685800134,1.0,1.0,,,,,
939,48859,939,0.011219034684134386,1.0,1.0,,,,,
940,48892,940,0.0140485317124228,1.0,1.0,,,,,
941,48949,941,0.014341769887264004,1.0,1.0,,,,,
942,48998,942,0.02130750083402745,1.0,1.0,,,,,
943,49031,943,0.00865957220396325,1.0,1.0,,,,,
944,49104,944,0.013721532189333125,1.0,1.0,,,,,
945,49169,945,0.021077389707825207,1.0,1.0,0.27511004463160055,0.0,0.0,,
946,49218,946,0.015159759171792759,1.0,1.0,,,,,
947,49275,947,0.01180649257939219,1.0,1.0,,,,,
948,49308,948,0.009158557852229021,1.0,1.0,,,,,
949,49357,949,0.030276529943851833,1.0,1.0,,,,,
950,49406,950,0.010567718441396274,1.0,1.0,,,,,
951,49447,951,0.010109613704160837,1.0,1.0,,,,,
952,49472,952,0.016623685912635057,1.0,1.0,,,,,
953,49537,953,0.015833996854300116,1.0,1.0,0.07211034251664386,0.0,0.0,,
954,49570,954,0.008491954470432609,1.0,1.0,,,,,
955,49611,955,0.019048133050237087,1.0,1.0,,,,,
956,49668,956,0.02351841402084574,1.0,1.0,,,,,
957,49741,957,0.014893115434414185,1.0,1.0,,,,,
958,49814,958,0.012934418958041677,1.0,1.0,,,,,
959,49839,959,0.014288228251978122,1.0,1.0,,,,,
960,49904,960,0.012887673132223726,1.0,1.0,,,,,
961,49961,961,0.013551205134234811,1.0,1.0,0.03718813642534552,0.0,0.0,,
962,50018,962,0.01086035617024262,1.0,1.0,,,,,
963,50043,963,0.012027561465359516,1.0,1.0,,,,,
964,50100,964,0.01629787514772212,1.0,1.0,,,,,
965,50173,965,0.011517792729397753,1.0,1.0,,,,,
966,50198,966,0.00523731403337327,1.0,1.0,,,,,
967,50231,967,0.02040901294989197,1.0,1.0,,,,,
968,50336,968,0.014091753264895472,1.0,1.0,,,,,
969,50377,969,0.014156628659176933,1.0,1.0,0.01547438129738282,1.0,1.0,,
970,50426,970,0.009029291549987791,1.0,1.0,,,,,
971,50491,971,0.011851959906354743,1.0,1.0,,,,,
972,50564,972,0.020817170828285075,0.0,0.0,,,,,
973,50621,973,0.014636371970973413,1.0,1.0,,,,,
974,50694,974,0.01857962368168551,1.0,1.0,,,,,
975,50727,975,0.009814439735831397,1.0,1.0,,,,,
976,50792,976,0.017746827782737142,1.0,1.0,,,,,
977,50841,977,0.013946423278413273,1.0,1.0,0.01983318229179768,1.0,1.0,,
978,50882,978,0.015066430379606985,1.0,1.0,,,,,
979,50931,979,0.0092920577877022,1.0,1.0,,,,,
980,50996,980,0.010262714995235366,1.0,1.0,,,,,
981,51077,981,0.011903885066012636,1.0,1.0,,,,,
982,51118,982,0.012965365586175483,1.0,1.0,,,,,
983,51159,983,0.015001732254831951,1.0,1.0,,,,,
984,51216,984,0.010927034430881201,1.0,1.0,,,,,
985,51241,985,0.02683047560771229,1.0,1.0,0.018689565596897356,1.0,1.0,,
986,51274,986,0.030119581410751835,1.0,1.0,,,,,
987,51347,987,0.013478975965038748,1.0,1.0,,,,,
988,51412,988,0.010150502622185798,1.0,1.0,,,,,
989,51461,989,0.011746758166478723,1.0,1.0,,,,,
990,51518,990,0.042561859817112364,0.0,0.0,,,,,
991,51591,991,0.011287895447970606,1.0,1.0,,,,,
992,51656,992,0.025112286912826676,1.0,1.0,,,,,
993,51689,993,0.009559261944967831,1.0,1.0,0.014285976631273248,1.0,1.0,,
994,51746,994,0.010229485657196348,1.0,1.0,,,,,
995,51771,995,0.007964660099939541,1.0,1.0,,,,,
996,51828,996,0.01404831581636092,1.0,1.0,,,,,
997,51869,997,0.011730281359942639,1.0,1.0,,,,,
998,51910,998,0.01620376300085627,1.0,1.0,,,,,
999,51943,999,0.010237756935351925,1.0,1.0,,,,,
1000,51984,1000,0.017074994888128078,1.0,1.0,,,,,
1001,52017,1001,0.020938513822043987,1.0,1.0,0.020155328790280123,1.0,1.0,,
1002,52074,1002,0.011401738938570084,1.0,1.0,,,,,
1003,52123,1003,0.013171678490455746,1.0,1.0,,,,,
1004,52148,1004,0.01661787180986721,1.0,1.0,,,,,
1005,52213,1005,0.015740246015691392,1.0,1.0,,,,,
1006,52270,1006,0.00787803162569459,1.0,1.0,,,,,
1007,52335,1007,0.0171685840537895,1.0,1.0,,,,,
1008,52368,1008,0.01685249333165302,1.0,1.0,,,,,
1009,52425,1009,0.017540596677191128,1.0,1.0,0.016354769232716754,1.0,1.0,,
1010,52458,1010,0.012246919688312232,1.0,1.0,,,,,
1011,52531,1011,0.015535044351759569,1.0,1.0,,,,,
1012,52588,1012,0.014338718224696,1.0,1.0,,,,,
1013,52645,1013,0.018145863307538545,1.0,1.0,,,,,
1014,52678,1014,0.010930287070365169,1.0,1.0,,,,,
1015,52727,1015,0.01128335954807555,1.0,1.0,,,,,
1016,52776,1016,0.008911964337911277,1.0,1.0,,,,,
1017,52793,1017,0.02352577089855913,1.0,1.0,0.039759541501936155,0.0,0.0,,
1018,52826,1018,0.010056150393944563,1.0,1.0,,,,,
1019,52891,1019,0.013998372021448498,1.0,1.0,,,,,
1020,52932,1020,0.01085661854162484,1.0,1.0,,,,,
1021,53005,1021,0.013141294852734554,1.0,1.0,,,,,
1022,53046,1022,0.015358529736327684,1.0,1.0,,,,,
1023,53111,1023,0.020935270629343705,1.0,1.0,,,,,
1024,53160,1024,0.016505688844713783,1.0,1.0,,,,,
1025,53217,1025,0.015531539468626891,1.0,1.0,0.014316548820130266,1.0,1.0,,
1026,53298,1026,0.010230844053199897,1.0,1.0,,,,,
1027,53371,1027,0.018169963023998814,1.0,1.0,,,,,
1028,53412,1028,0.017439094036212282,1.0,1.0,,,,,
1029,53461,1029,0.012274011594683241,1.0,1.0,,,,,
1030,53494,1030,0.03539394643135893,1.0,1.0,,,,,
1031,53551,1031,0.01967357783159449,1.0,1.0,,,,,
1032,53608,1032,0.015729335359534146,1.0,1.0,,,,,
1033,53673,1033,0.014900052440859072,1.0,1.0,0.014245683042954628,1.0,1.0,,
1034,53754,1034,0.015827790648596764,1.0,1.0,,,,,
1035,53819,1035,0.022923405255394304,1.0,1.0,,,,,
1036,53892,1036,0.012880790951435137,1.0,1.0,,,,,
1037,53949,1037,0.014914354844785283,1.0,1.0,,,,,
1038,53990,1038,0.024225703430450437,1.0,1.0,,,,,
1039,54071,1039,0.01132126861002155,1.0,1.0,,,,,
1040,54144,1040,0.011380076055175374,1.0,1.0,,,,,
1041,54193,1041,0.012640665976323361,1.0,1.0,0.23043618812114453,0.0,0.0,,
1042,54218,1042,0.012692486420019121,1.0,1.0,,,,,
1043,54259,1043,0.05248169122749528,0.0,0.5,,,,,
1044,54324,1044,0.01295056693082195,1.0,1.0,,,,,
1045,54381,1045,0.011105713769105493,1.0,1.0,,,,,
1046,54438,1046,0.014461910965880358,1.0,1.0,,,,,
1047,54503,1047,0.020168583639268434,1.0,1.0,,,,,
1048,54552,1048,0.00825389397342692,1.0,1.0,,,,,
1049,54625,1049,0.008721466375302633,1.0,1.0,0.14859212404445657,0.0,0.0,,
1050,54674,1050,0.01649231011194691,1.0,1.0,,,,,
1051,54731,1051,0.012784150483856189,1.0,1.0,,,,,
1052,54804,1052,0.006748838813350852,1.0,1.0,,,,,
1053,54845,1053,0.025026329893131333,1.0,1.0,,,,,
1054,54894,1054,0.012440933145757546,1.0,1.0,,,,,
1055,54967,1055,0.013864355844242608,1.0,1.0,,,,,
1056,55024,1056,0.01968460317054954,1.0,1.0,,,,,
1057,55081,1057,0.013290850971114189,1.0,1.0,0.03127743552497391,0.0,0.0,,
1058,55154,1058,0.013604231501130925,1.0,1.0,,,,,
1059,55187,1059,0.013490009235656545,1.0,1.0,,,,,
1060,55244,1060,0.0137223066198229,1.0,1.0,,,,,
1061,55309,1061,0.01612297450877171,1.0,1.0,,,,,
1062,55366,1062,0.016484885195775244,1.0,1.0,,,,,
1063,55407,1063,0.012048469564957713,1.0,1.0,,,,,
1064,55440,1064,0.02053848442130402,1.0,1.0,,,,,
1065,55481,1065,0.012960030772348547,1.0,1.0,0.018026404837224088,1.0,1.0,,
1066,55530,1066,0.014011579847461916,1.0,1.0,,,,,
1067,55563,1067,0.012800097757199182,1.0,1.0,,,,,
1068,55628,1068,0.011226629256537137,1.0,1.0,,,,,
1069,55693,1069,0.014113805934370519,1.0,1.0,,,,,
1070,55758,1070,0.01579279351020716,1.0,1.0,,,,,
1071,55791,1071,0.012473980884610682,1.0,1.0,,,,,
1072,55840,1072,0.009906618165952542,1.0,1.0,,,,,
1073,55897,1073,0.012702429716555346,1.0,1.0,0.011170083300986514,1.0,1.0,,
1074,55954,1074,0.01003242460756208,1.0,1.0,,,,,
1075,56011,1075,0.011446169357753725,1.0,1.0,,,,,
1076,56052,1076,0.010041167313364895,1.0,1.0,,,,,
1077,56085,1077,0.07197946801097971,0.0,0.0,,,,,
1078,56126,1078,0.011902902340132644,1.0,1.0,,,,,
1079,56191,1079,0.01379609186876209,1.0,1.0,,,,,
1080,56208,1080,0.011732464087940571,1.0,1.0,,,,,
1081,56273,1081,0.01135624225218578,1.0,1.0,0.07606228085865194,0.0,0.0,,
1082,56322,1082,0.017106710830728056,1.0,1.0,,,,,
1083,56355,1083,0.008403460689694954,1.0,1.0,,,,,
1084,56380,1084,0.01198475446185815,1.0,1.0,,,,,
1085,56413,1085,0.02259741561296451,1.0,1.0,,,,,
1086,56486,1086,0.01393533762300846,1.0,1.0,,,,,
1087,56527,1087,0.010043100693377938,1.0,1.0,,,,,
1088,56592,1088,0.010911661743700877,1.0,1.0,,,,,
1089,56633,1089,0.018620344843599014,1.0,1.0,0.015200907646622417,1.0,1.0,,
1090,56666,1090,0.014847063101910862,1.0,1.0,,,,,
1091,56739,1091,0.01792441224492257,1.0,1.0,,,,,
1092,56780,1092,0.07346955492577491,0.0,0.0,,,,,
1093,56845,1093,0.015507233427283041,1.0,1.0,,,,,
1094,56926,1094,0.01606307650192221,1.0,1.0,,,,,
1095,56975,1095,0.01743440996346815,1.0,1.0,,,,,
1096,57024,1096,0.008760210367619928,1.0,1.0,,,,,
1097,57073,1097,0.0136010861704636,1.0,1.0,0.10220352321806714,0.0,0.0,,
1098,57138,1098,0.010886859420753453,1.0,1.0,,,,,
1099,57179,1099,0.013818444586102489,1.0,1.0,,,,,
1100,57236,1100,0.013716123614510401,1.0,1.0,,,,,
1101,57261,1101,0.02111551061337802,1.0,1.0,,,,,
1102,57318,1102,0.012639996503965092,1.0,1.0,,,,,
1103,57367,1103,0.01595994729486127,1.0,1.0,,,,,
1104,57416,1104,0.021513800636049178,1.0,1.0,,,,,
1105,57481,1105,0.010115670305521407,1.0,1.0,0.19870171661209104,0.0,0.0,,
1106,57546,1106,0.015095064756420858,1.0,1.0,,,,,
1107,57603,1107,0.0115134155072667,1.0,1.0,,,,,
1108,57628,1108,0.030122921949296142,1.0,1.0,,,,,
1109,57661,1109,0.035713264081614404,1.0,1.0,,,,,
1110,57702,1110,0.013496325829514265,1.0,1.0,,,,,
1111,57767,1111,0.014163754679627232,1.0,1.0,,,,,
1112,57824,1112,0.012742893897865152,1.0,1.0,,,,,
1113,57889,1113,0.011958829772485602,1.0,1.0,0.025254846022729,1.0,1.0,,
1114,57946,1114,0.0124509729867285,1.0,1.0,,,,,
1115,57995,1115,0.016974858589037467,1.0,1.0,,,,,
1116,58020,1116,0.01550273554029142,1.0,1.0,,,,,
1117,58109,1117,0.011102229846150299,1.0,1.0,,,,,
1118,58134,1118,0.014168682781206976,1.0,1.0,,,,,
1119,58215,1119,0.007849918801116823,1.0,1.0,,,,,
1120,58288,1120,0.014925170273187814,1.0,1.0,,,,,
1121,58353,1121,0.025839622323629623,0.0,0.0,0.008689277366769872,1.0,1.0,,
1122,58410,1122,0.015139393968433754,1.0,1.0,,,,,
1123,58483,1123,0.011543303403298903,1.0,1.0,,,,,
1124,58540,1124,0.009699792952700407,1.0,1.0,,,,,
1125,58589,1125,0.015480268660321596,1.0,1.0,,,,,
1126,58662,1126,0.011405454575337133,1.0,1.0,,,,,
1127,58711,1127,0.015631581341635864,1.0,1.0,,,,,
1128,58768,1128,0.013295920124941529,1.0,1.0,,,,,
1129,58833,1129,0.017297017307730513,1.0,1.0,0.01956529812943518,1.0,1.0,,
1130,58898,1130,0.014082626784990355,1.0,1.0,,,,,
1131,58963,1131,0.014926177248515131,1.0,1.0,,,,,
1132,59044,1132,0.012965713589983788,1.0,1.0,,,,,
1133,59085,1133,0.012551702466245105,1.0,1.0,,,,,
1134,59126,1134,0.011446493670202302,1.0,1.0,,,,,
1135,59159,1135,0.014934350131676695,1.0,1.0,,,,,
1136,59224,1136,0.014098952589431519,1.0,1.0,,,,,
1137,59281,1137,0.012773356641769637,1.0,1.0,0.0634447899475494,0.0,0.0,,
1138,59330,1138,0.020109602675440024,1.0,1.0,,,,,
1139,59387,1139,0.013760272487182063,1.0,1.0,,,,,
1140,59412,1140,0.012560330177348077,1.0,1.0,,,,,
1141,59437,1141,0.012480224237009072,1.0,1.0,,,,,
1142,59494,1142,0.012357432263033517,1.0,1.0,,,,,
1143,59527,1143,0.011927230404405692,1.0,1.0,,,,,
1144,59560,1144,0.011993800268409132,1.0,1.0,,,,,
1145,59601,1145,0.012463356558480883,1.0,1.0,0.2117557256734736,0.0,0.0,,
1146,59650,1146,0.011210860977857161,1.0,1.0,,,,,
1147,59699,1147,0.009379022516789822,1.0,1.0,,,,,
1148,59772,1148,0.010648581168452227,1.0,1.0,,,,,
1149,59797,1149,0.023990006698101446,1.0,1.0,,,,,
1150,59846,1150,0.013039808080955395,1.0,1.0,,,,,
1151,59903,1151,0.014118447866476468,1.0,1.0,,,,,
1152,59968,1152,0.009544457969298668,1.0,1.0,,,,,
1153,60025,1153,0.01724742797583466,1.0,1.0,0.20581870732052412,0.0,0.0,,
1154,60058,1154,0.016494175431610573,1.0,1.0,,,,,
1155,60115,1155,0.022268845513364274,1.0,1.0,,,,,
1156,60140,1156,0.018812503378057573,1.0,1.0,,,,,
1157,60213,1157,0.012071991337313332,1.0,1.0,,,,,
1158,60278,1158,0.013280344697737298,1.0,1.0,,,,,
1159,60319,1159,0.01116914077165302,1.0,1.0,,,,,
1160,60368,1160,0.013940698253821136,1.0,1.0,,,,,
1161,60409,1161,0.014910170253593608,1.0,1.0,0.4952498936665279,0.0,0.0,,
1162,60474,1162,0.017972142813987443,1.0,1.0,,,,,
1163,60515,1163,0.030171452131558908,1.0,1.0,,,,,
1164,60556,1164,0.0115898902371232,1.0,1.0,,,,,
1165,60621,1165,0.01688091724214246,1.0,1.0,,,,,
1166,60662,1166,0.015626470856357082,1.0,1.0,,,,,
1167,60719,1167,0.020673011195496138,1.0,1.0,,,,,
1168,60760,1168,0.012737130940741737,1.0,1.0,,,,,
1169,60825,1169,0.010934769237701824,1.0,1.0,0.05701854104763698,1.0,1.0,,
1170,60882,1170,0.012719051236008737,1.0,1.0,,,,,
1171,60931,1171,0.014240477409498454,1.0,1.0,,,,,
1172,60964,1172,0.00898030597762954,1.0,1.0,,,,,
1173,61037,1173,0.018182772583372246,1.0,1.0,,,,,
1174,61102,1174,0.011738036810137836,1.0,1.0,,,,,
1175,61175,1175,0.009617229675597323,1.0,1.0,,,,,
1176,61232,1176,0.01276254152511027,1.0,1.0,,,,,
1177,61281,1177,0.028101666781679642,1.0,1.0,0.01501539905952086,1.0,1.0,,
1178,61322,1178,0.014207605377765505,1.0,1.0,,,,,
1179,61363,1179,0.007811513372545962,1.0,1.0,,,,,
1180,61412,1180,0.01456928826655499,1.0,1.0,,,,,
1181,61445,1181,0.010429783972213046,1.0,1.0,,,,,
1182,61494,1182,0.010850708771520204,1.0,1.0,,,,,
1183,61559,1183,0.014258579046522186,1.0,1.0,,,,,
1184,61616,1184,0.015735948635746042,1.0,1.0,,,,,
1185,61665,1185,0.0367414612829729,0.0,0.0,0.013413960574916135,1.0,1.0,,
1186,61738,1186,0.014324617766802578,1.0,1.0,,,,,
1187,61811,1187,0.04012217578793854,0.0,0.0,,,,,
1188,61876,1188,0.017653364309212376,1.0,1.0,,,,,
1189,61925,1189,0.023504462288547072,1.0,1.0,,,,,
1190,61958,1190,0.008117166959018077,1.0,1.0,,,,,
1191,62015,1191,0.011059793281468229,1.0,1.0,,,,,
1192,62072,1192,0.020985632472433704,1.0,1.0,,,,,
1193,62129,1193,0.01657987351289356,1.0,1.0,0.008011578513015536,1.0,1.0,,
1194,62146,1194,0.01782091591994231,1.0,1.0,,,,,
1195,62187,1195,0.007623369360977676,1.0,1.0,,,,,
1196,62220,1196,0.011728983861166851,1.0,1.0,,,,,
1197,62285,1197,0.012814141928874038,1.0,1.0,,,,,
1198,62318,1198,0.00820775776550363,1.0,1.0,,,,,
1199,62343,1199,0.009331534157851516,1.0,1.0,,,,,
1200,62376,1200,0.013620361808813188,1.0,1.0,,,,,
1201,62433,1201,0.009974213308945283,1.0,1.0,0.02053206547141613,1.0,1.0,,
1202,62482,1202,0.01698651787138805,1.0,1.0,,,,0.6399999856948853,0.6297427134269239
1203,62555,1203,0.010687382716529609,1.0,1.0,,,,,
1204,62628,1204,0.009624709485613385,1.0,1.0,,,,,
1205,62685,1205,0.011052287617420139,1.0,1.0,,,,,
1206,62710,1206,0.012411468399259318,1.0,1.0,,,,,
1207,62743,1207,0.012168088298531075,1.0,1.0,,,,,
1208,62856,1208,0.010202353499833105,1.0,1.0,,,,,
1209,62921,1209,0.015213313181138693,1.0,1.0,0.013497973221196276,1.0,1.0,,
1210,62962,1210,0.020510536627167314,1.0,1.0,,,,,
1211,63027,1211,0.014306754562990137,1.0,1.0,,,,,
1212,63084,1212,0.012465562070718071,1.0,1.0,,,,,
1213,63109,1213,0.010439955103435445,1.0,1.0,,,,,
1214,63142,1214,0.008192075592322538,1.0,1.0,,,,,
1215,63199,1215,0.0107775203071541,1.0,1.0,,,,,
1216,63272,1216,0.010114447953905502,1.0,1.0,,,,,
1217,63313,1217,0.015187078428073873,1.0,1.0,0.021231255229796207,1.0,1.0,,
1218,63362,1218,0.011169928952147596,1.0,1.0,,,,,
1219,63443,1219,0.01111286390066178,1.0,1.0,,,,,
1220,63468,1220,0.01913659654346399,1.0,1.0,,,,,
1221,63509,1221,0.01575431109633951,1.0,1.0,,,,,
1222,63534,1222,0.010514106104801801,1.0,1.0,,,,,
1223,63591,1223,0.013789720562652446,1.0,1.0,,,,,
1224,63632,1224,0.02309283163608052,1.0,1.0,,,,,
1225,63697,1225,0.007144727579809143,1.0,1.0,0.26119034105290967,0.0,0.0,,
1226,63770,1226,0.012558843805112093,1.0,1.0,,,,,
1227,63835,1227,0.014318894536299212,1.0,1.0,,,,,
1228,63892,1228,0.018492973921303408,1.0,1.0,,,,,
1229,63941,1229,0.012030025676253353,1.0,1.0,,,,,
1230,63974,1230,0.013820438125578925,1.0,1.0,,,,,
1231,64007,1231,0.017997442927182875,1.0,1.0,,,,,
1232,64072,1232,0.010756377045166802,1.0,1.0,,,,,
1233,64113,1233,0.0074706639542280314,1.0,1.0,0.02020313419246597,1.0,1.0,,
1234,64178,1234,0.011119279440169976,1.0,1.0,,,,,
1235,64203,1235,0.018004848297762995,1.0,1.0,,,,,
1236,64268,1236,0.01005318602520128,1.0,1.0,,,,,
1237,64341,1237,0.017142979232828568,1.0,1.0,,,,,
1238,64382,1238,0.01573730770497065,1.0,1.0,,,,,
1239,64439,1239,0.01620589154730039,1.0,1.0,,,,,
1240,64512,1240,0.012722958616404866,1.0,1.0,,,,,
1241,64585,1241,0.017746380328864386,1.0,1.0,0.1889517829089952,0.0,0.0,,
1242,64626,1242,0.00974522849028432,1.0,1.0,,,,,
1243,64659,1243,0.01357136645358075,1.0,1.0,,,,,
1244,64700,1244,0.009493923049612477,1.0,1.0,,,,,
1245,64749,1245,0.017322468029376047,1.0,1.0,,,,,
1246,64766,1246,0.00898066563415341,1.0,1.0,,,,,
1247,64831,1247,0.015060686425519682,1.0,1.0,,,,,
1248,64864,1248,0.012797610061252272,1.0,1.0,,,,,
1249,64921,1249,0.0158767071891873,1.0,1.0,0.015400010481215693,1.0,1.0,,
1250,64954,1250,0.011266194403063992,1.0,1.0,,,,,
1251,65019,1251,0.01290415482490193,1.0,1.0,,,,,
1252,65068,1252,0.02061065300997749,1.0,1.0,,,,,
1253,65101,1253,0.0077361688152939225,1.0,1.0,,,,,
1254,65166,1254,0.013106383397684739,1.0,1.0,,,,,
1255,65207,1255,0.013145741751181507,1.0,1.0,,,,,
1256,65280,1256,0.01154057354735945,1.0,1.0,,,,,
1257,65353,1257,0.009678481985242545,1.0,1.0,0.010215639374546014,1.0,1.0,,
1258,65394,1258,0.011704234868062486,1.0,1.0,,,,,
1259,65419,1259,0.011546824850046657,1.0,1.0,,,,,
1260,65484,1260,0.013745745566876622,1.0,1.0,,,,,
1261,65525,1261,0.013831865622591068,1.0,1.0,,,,,
1262,65590,1262,0.015680446521039216,1.0,1.0,,,,,
1263,65631,1263,0.01160236958606288,1.0,1.0,,,,,
1264,65664,1264,0.011977031431524666,1.0,1.0,,,,,
1265,65729,1265,0.010408576479877602,1.0,1.0,0.015786916434795066,1.0,1.0,,
1266,65786,1266,0.014417359313499552,1.0,1.0,,,,,
1267,65859,1267,0.010542758515750634,1.0,1.0,,,,,
1268,65932,1268,0.010522411210923887,1.0,1.0,,,,,
1269,66005,1269,0.009749837141178276,1.0,1.0,,,,,
1270,66078,1270,0.018953363379724388,1.0,1.0,,,,,
1271,66119,1271,0.012771562825572347,1.0,1.0,,,,,
1272,66160,1272,0.016588105513804637,1.0,1.0,,,,,
1273,66217,1273,0.013275834060532038,1.0,1.0,0.04034142489339046,0.0,0.0,,
1274,66250,1274,0.018912254581136947,1.0,1.0,,,,,
1275,66323,1275,0.008258512174391346,1.0,1.0,,,,,
1276,66380,1276,0.015439819719393474,1.0,1.0,,,,,
1277,66445,1277,0.011733826400865902,1.0,1.0,,,,,
1278,66502,1278,0.011506285462711433,1.0,1.0,,,,,
1279,66575,1279,0.011295763747883898,1.0,1.0,,,,,
1280,66616,1280,0.011948718150440666,1.0,1.0,,,,,
1281,66657,1281,0.015279712729039602,1.0,1.0,0.010136590094761509,1.0,1.0,,
1282,66690,1282,0.01191711531260239,1.0,1.0,,,,,
1283,66715,1283,0.011167123611448915,1.0,1.0,,,,,
1284,66780,1284,0.014464831537177147,1.0,1.0,,,,,
1285,66813,1285,0.009709667441080967,1.0,1.0,,,,,
1286,66878,1286,0.009489368737118415,1.0,1.0,,,,,
1287,66943,1287,0.014139482533108493,1.0,1.0,,,,,
1288,66976,1288,0.015566811396565754,1.0,1.0,,,,,
1289,67009,1289,0.01460813207357205,1.0,1.0,0.09208080482700873,0.0,0.0,,
1290,67058,1290,0.01187066960170436,1.0,1.0,,,,,
1291,67131,1291,0.012111214228394158,1.0,1.0,,,,,
1292,67172,1292,0.007861180558138073,1.0,1.0,,,,,
1293,67229,1293,0.014343676461784133,1.0,1.0,,,,,
1294,67278,1294,0.010718546545041174,1.0,1.0,,,,,
1295,67343,1295,0.01770082180219177,1.0,1.0,,,,,
1296,67400,1296,0.0161423664231659,1.0,1.0,,,,,
1297,67457,1297,0.0126969733143867,1.0,1.0,0.015431797476123919,1.0,1.0,,
1298,67514,1298,0.01503591316288066,1.0,1.0,,,,,
1299,67563,1299,0.007657132217310132,1.0,1.0,,,,,
1300,67636,1300,0.01684686796562227,1.0,1.0,,,,,
1301,67693,1301,0.010746921280814701,1.0,1.0,,,,,
1302,67726,1302,0.01005209192600887,1.0,1.0,,,,,
1303,67783,1303,0.007103790368930272,1.0,1.0,,,,,
1304,67848,1304,0.010354072808442324,1.0,1.0,,,,,
1305,67873,1305,0.012084426755178203,1.0,1.0,0.023018846440754713,1.0,1.0,,
1306,67898,1306,0.008513839632602563,1.0,1.0,,,,,
1307,67947,1307,0.012744007903267325,1.0,1.0,,,,,
1308,67988,1308,0.010428233835167248,1.0,1.0,,,,,
1309,68053,1309,0.013274322638289959,1.0,1.0,,,,,
1310,68078,1310,0.01568217801002485,1.0,1.0,,,,,
1311,68103,1311,0.02426816532122757,1.0,1.0,,,,,
1312,68160,1312,0.011286288799454829,1.0,1.0,,,,,
1313,68233,1313,0.017409798291842856,1.0,1.0,0.02155225986874757,1.0,1.0,,
1314,68306,1314,0.013980862999406379,1.0,1.0,,,,,
1315,68331,1315,0.010550273785726554,1.0,1.0,,,,,
1316,68364,1316,0.007938637673388984,1.0,1.0,,,,,
1317,68429,1317,0.015851451688990183,1.0,1.0,,,,,
1318,68462,1318,0.012939327332488232,1.0,1.0,,,,,
1319,68479,1319,0.016752748589797195,1.0,1.0,,,,,
1320,68536,1320,0.011973611425491104,1.0,1.0,,,,,
1321,68569,1321,0.0076471857060960245,1.0,1.0,0.01927606530279448,1.0,1.0,,
1322,68618,1322,0.014730525714950874,1.0,1.0,,,,,
1323,68651,1323,0.018562428266221787,1.0,1.0,,,,,
1324,68716,1324,0.010533616421015635,1.0,1.0,,,,,
1325,68773,1325,0.011933667860106275,1.0,1.0,,,,,
1326,68806,1326,0.008598576614956244,1.0,1.0,,,,,
1327,68871,1327,0.013362653324337346,1.0,1.0,,,,,
1328,68896,1328,0.021350516598273923,1.0,1.0,,,,,
1329,68953,1329,0.014152701086012293,1.0,1.0,0.06729508011324165,0.0,0.0,,
1330,69002,1330,0.00884669777747907,1.0,1.0,,,,,
1331,69059,1331,0.014356237424579116,1.0,1.0,,,,,
1332,69108,1332,0.015327280246232627,1.0,1.0,,,,,
1333,69165,1333,0.012306230045465927,1.0,1.0,,,,,
1334,69198,1334,0.009277267614229742,1.0,1.0,,,,,
1335,69223,1335,0.006763823207456353,1.0,1.0,,,,,
1336,69280,1336,0.010026135628495548,1.0,1.0,,,,,
1337,69305,1337,0.013144170550422888,1.0,1.0,0.02435435032312859,1.0,1.0,,
1338,69362,1338,0.009902830945797353,1.0,1.0,,,,,
1339,69387,1339,0.014491055561763156,1.0,1.0,,,,,
1340,69436,1340,0.015847186006920755,1.0,1.0,,,,,
1341,69493,1341,0.012437472820507622,1.0,1.0,,,,,
1342,69542,1342,0.0190136878895161,1.0,1.0,,,,,
1343,69591,1343,0.018367447657098857,1.0,1.0,,,,,
1344,69656,1344,0.013104880532914039,1.0,1.0,,,,,
1345,69697,1345,0.014709859917211361,1.0,1.0,0.015288478973043147,1.0,1.0,,
1346,69762,1346,0.01406598668069755,1.0,1.0,,,,,
1347,69835,1347,0.014618032739481064,1.0,1.0,,,,,
1348,69900,1348,0.009227318187901075,1.0,1.0,,,,,
1349,69957,1349,0.012473989659938404,1.0,1.0,,,,,
1350,69974,1350,0.011520850248634815,1.0,1.0,,,,,
1351,70015,1351,0.011273055895145264,1.0,1.0,,,,,
1352,70048,1352,0.007673790431434745,1.0,1.0,,,,,
1353,70121,1353,0.014354745983622604,1.0,1.0,0.013148587729471426,1.0,1.0,,
1354,70186,1354,0.013666172814608864,1.0,1.0,,,,,
1355,70227,1355,0.01385318824413298,1.0,1.0,,,,,
1356,70300,1356,0.011536385779623843,1.0,1.0,,,,,
1357,70349,1357,0.01309392314000206,1.0,1.0,,,,,
1358,70406,1358,0.01201440825729012,1.0,1.0,,,,,
1359,70439,1359,0.011296395967708577,1.0,1.0,,,,,
1360,70464,1360,0.01783873282572737,1.0,1.0,,,,,
1361,70529,1361,0.010069226792772888,1.0,1.0,0.028102945597867846,1.0,1.0,,
1362,70586,1362,0.014781268854152846,1.0,1.0,,,,,
1363,70635,1363,0.011604025728773686,1.0,1.0,,,,,
1364,70668,1364,0.012302518779700566,1.0,1.0,,,,,
1365,70701,1365,0.008241368156609497,1.0,1.0,,,,,
1366,70782,1366,0.009917388143600648,1.0,1.0,,,,,
1367,70831,1367,0.027053888782111242,1.0,1.0,,,,,
1368,70864,1368,0.0072444973517313644,1.0,1.0,,,,,
1369,70905,1369,0.00995253586588325,1.0,1.0,0.011006495649483056,1.0,1.0,,
1370,70962,1370,0.010203938478799862,1.0,1.0,,,,,
1371,70995,1371,0.008921463624509851,1.0,1.0,,,,,
1372,71044,1372,0.01612275342688008,1.0,1.0,,,,,
1373,71093,1373,0.013591747619818382,1.0,1.0,,,,,
1374,71118,1374,0.013318777912236329,1.0,1.0,,,,,
1375,71199,1375,0.015356341710014078,1.0,1.0,,,,,
1376,71264,1376,0.01265929053815935,1.0,1.0,,,,,
1377,71305,1377,0.017379068229463886,1.0,1.0,0.025413396655925454,1.0,1.0,,
1378,71330,1378,0.007208785328021652,1.0,1.0,,,,,
1379,71395,1379,0.01192572495670122,1.0,1.0,,,,,
1380,71436,1380,0.015311087604219212,1.0,1.0,,,,,
1381,71501,1381,0.01713813752705427,1.0,1.0,,,,,
1382,71550,1382,0.022909276620831254,1.0,1.0,,,,,
1383,71607,1383,0.01237360006018406,1.0,1.0,,,,,
1384,71640,1384,0.010056189405123546,1.0,1.0,,,,,
1385,71705,1385,0.009237158473281657,1.0,1.0,0.012076759427040524,1.0,1.0,,
1386,71762,1386,0.011932675603781785,1.0,1.0,,,,,
1387,71803,1387,0.01419699802531379,1.0,1.0,,,,,
1388,71836,1388,0.014170656251552921,1.0,1.0,,,,,
1389,71901,1389,0.010781090609579883,1.0,1.0,,,,,
1390,71926,1390,0.010837771538303969,1.0,1.0,,,,,
1391,71975,1391,0.010822548754480032,1.0,1.0,,,,,
1392,72040,1392,0.010540114070217701,1.0,1.0,,,,,
1393,72089,1393,0.01160107565764812,1.0,1.0,0.014510384136167998,1.0,1.0,,
1394,72122,1394,0.011393429399673067,1.0,1.0,,,,,
1395,72179,1395,0.012196821041889214,1.0,1.0,,,,,
1396,72212,1396,0.018636355894323525,1.0,1.0,,,,,
1397,72285,1397,0.008546806255729447,1.0,1.0,,,,,
1398,72350,1398,0.01874071681605074,1.0,1.0,,,,,
1399,72423,1399,0.017442388335566647,1.0,1.0,,,,,
1400,72496,1400,0.01078791329776838,1.0,1.0,,,,,
1401,72545,1401,0.008509604019599415,1.0,1.0,0.037530643491329105,1.0,1.0,,
1402,72578,1402,0.00748296239843768,1.0,1.0,,,,,
1403,72627,1403,0.0059941724026932285,1.0,1.0,,,,,
1404,72668,1404,0.011691889300504955,1.0,1.0,,,,,
1405,72725,1405,0.010254109067645728,1.0,1.0,,,,,
1406,72766,1406,0.013874737398838079,1.0,1.0,,,,,
1407,72823,1407,0.015851430987534058,1.0,1.0,,,,,
1408,72864,1408,0.012551649966149537,1.0,1.0,,,,,
1409,72921,1409,0.013314339853947024,1.0,1.0,0.010846065507582534,1.0,1.0,,
1410,72962,1410,0.013333723011997279,1.0,1.0,,,,,
1411,73003,1411,0.011275872651262744,1.0,1.0,,,,,
1412,73052,1412,0.015868756538658862,1.0,1.0,,,,,
1413,73085,1413,0.00785859370516448,1.0,1.0,,,,,
1414,73134,1414,0.00886388891837388,1.0,1.0,,,,,
1415,73191,1415,0.013028648307750723,1.0,1.0,,,,,
1416,73232,1416,0.012233944864083699,1.0,1.0,,,,,
1417,73289,1417,0.012264078510468044,1.0,1.0,0.01928785801985555,1.0,1.0,,
1418,73346,1418,0.014937787102941734,1.0,1.0,,,,,
1419,73387,1419,0.027028962872107515,1.0,1.0,,,,,
1420,73468,1420,0.01316928537391398,1.0,1.0,,,,,
1421,73533,1421,0.010081114647055606,1.0,1.0,,,,,
1422,73582,1422,0.009998249889335207,1.0,1.0,,,,,
1423,73647,1423,0.01141435923482952,1.0,1.0,,,,,
1424,73720,1424,0.009317550765865832,1.0,1.0,,,,,
1425,73753,1425,0.008742156771386931,1.0,1.0,0.03715795793209509,1.0,1.0,,
1426,73834,1426,0.007601159392074727,1.0,1.0,,,,,
1427,73891,1427,0.014936466161420326,1.0,1.0,,,,,
1428,73948,1428,0.017070270107743597,1.0,1.0,,,,,
1429,73965,1429,0.01748025403633619,1.0,1.0,,,,,
1430,74006,1430,0.012062128210998538,1.0,1.0,,,,,
1431,74063,1431,0.01303906086756407,1.0,1.0,,,,,
1432,74128,1432,0.01977857907315865,1.0,1.0,,,,,
1433,74169,1433,0.013418587927327736,1.0,1.0,0.15307901293166964,0.0,0.0,,
1434,74234,1434,0.013762318195510374,1.0,1.0,,,,,
1435,74307,1435,0.01872338920023223,1.0,1.0,,,,,
1436,74340,1436,0.011045334644651916,1.0,1.0,,,,,
1437,74365,1437,0.011768271282079088,1.0,1.0,,,,,
1438,74438,1438,0.013225967700459985,1.0,1.0,,,,,
1439,74471,1439,0.016706121396782694,1.0,1.0,,,,,
1440,74512,1440,0.01137076088646154,1.0,1.0,,,,,
1441,74577,1441,0.008653757432589764,1.0,1.0,0.11583699547858281,0.0,0.0,,
1442,74650,1442,0.010791849358332502,1.0,1.0,,,,,
1443,74699,1443,0.01127828713214124,1.0,1.0,,,,,
1444,74756,1444,0.014375046144044897,1.0,1.0,,,,,
1445,74821,1445,0.011943620436590764,1.0,1.0,,,,,
1446,74870,1446,0.0155605801531298,1.0,1.0,,,,,
1447,74911,1447,0.01415813568550243,1.0,1.0,,,,,
1448,74952,1448,0.0074088559646584146,1.0,1.0,,,,,
1449,75017,1449,0.016843859312269987,1.0,1.0,0.011177600782632899,1.0,1.0,,
1450,75074,1450,0.011012613140535258,1.0,1.0,,,,,
1451,75131,1451,0.012194866957068758,1.0,1.0,,,,,
1452,75204,1452,0.012658790067411019,1.0,1.0,,,,,
1453,75293,1453,0.011015179524401406,1.0,1.0,,,,,
1454,75366,1454,0.014006264627420266,1.0,1.0,,,,,
1455,75423,1455,0.013186126983011458,1.0,1.0,,,,,
1456,75488,1456,0.011368711268983063,1.0,1.0,,,,,
1457,75545,1457,0.013552764350084769,1.0,1.0,0.009790834332863057,1.0,1.0,,
1458,75610,1458,0.024184831621005286,1.0,1.0,,,,,
1459,75667,1459,0.012051672142533018,1.0,1.0,,,,,
1460,75724,1460,0.009556645993563475,1.0,1.0,,,,,
1461,75797,1461,0.01386485913683676,1.0,1.0,,,,,
1462,75846,1462,0.013430292399459157,1.0,1.0,,,,,
1463,75911,1463,0.009404823346462114,1.0,1.0,,,,,
1464,75976,1464,0.014022630167384307,1.0,1.0,,,,,
1465,76041,1465,0.009754276829103693,1.0,1.0,0.038531316597875474,0.0,0.0,,
1466,76090,1466,0.010702949182407337,1.0,1.0,,,,,
1467,76147,1467,0.01108839941662099,1.0,1.0,,,,,
1468,76180,1468,0.012658830096335977,1.0,1.0,,,,,
1469,76229,1469,0.01359841338068929,1.0,1.0,,,,,
1470,76294,1470,0.012248488579729707,1.0,1.0,,,,,
1471,76359,1471,0.015203823287414977,1.0,1.0,,,,,
1472,76408,1472,0.019062180250769716,1.0,1.0,,,,,
1473,76441,1473,0.012483461909062594,1.0,1.0,0.05690453222435953,0.0,0.0,,
1474,76498,1474,0.01300492060304186,1.0,1.0,,,,,
1475,76563,1475,0.01616701710694997,1.0,1.0,,,,,
1476,76620,1476,0.013514708108853668,1.0,1.0,,,,,
1477,76669,1477,0.012167913769296337,1.0,1.0,,,,,
1478,76734,1478,0.011230051044062155,1.0,1.0,,,,,
1479,76783,1479,0.011522927253552476,1.0,1.0,,,,,
1480,76840,1480,0.011455412102532135,1.0,1.0,,,,,
1481,76897,1481,0.011713996769320797,1.0,1.0,0.011878985995138498,1.0,1.0,,
1482,76938,1482,0.01032600487261516,1.0,1.0,,,,,
1483,76995,1483,0.011423664162161385,1.0,1.0,,,,,
1484,77068,1484,0.012135066659410004,1.0,1.0,,,,,
1485,77133,1485,0.019790305876239176,1.0,1.0,,,,,
1486,77190,1486,0.015003256966358835,1.0,1.0,,,,,
1487,77239,1487,0.011255143834999518,1.0,1.0,,,,,
1488,77280,1488,0.011005144545423264,1.0,1.0,,,,,
1489,77345,1489,0.010497543657121675,1.0,1.0,0.09471103943929847,0.0,0.0,,
1490,77378,1490,0.008876189003113951,1.0,1.0,,,,,
1491,77435,1491,0.01266809731871633,1.0,1.0,,,,,
1492,77468,1492,0.01406636466934515,1.0,1.0,,,,,
1493,77501,1493,0.00735154048553909,1.0,1.0,,,,,
1494,77526,1494,0.012445410947521319,1.0,1.0,,,,,
1495,77575,1495,0.011448051196884801,1.0,1.0,,,,,
1496,77624,1496,0.00831151924820696,1.0,1.0,,,,,
1497,77665,1497,0.015041063632213537,1.0,1.0,0.017991513598052344,1.0,1.0,,
1498,77722,1498,0.009209575068261415,1.0,1.0,,,,,
1499,77771,1499,0.011811095358082325,1.0,1.0,,,,,
1500,77844,1500,0.0063863459991531195,1.0,1.0,,,,,
1501,77909,1501,0.017462346798544387,1.0,1.0,,,,,
1502,77966,1502,0.015190989864327256,1.0,1.0,,,,,
1503,77999,1503,0.007970474776968786,1.0,1.0,,,,,
1504,78072,1504,0.016047407622925464,1.0,1.0,,,,,
1505,78177,1505,0.012447173557656102,1.0,1.0,0.015216674186847714,1.0,1.0,,
1506,78218,1506,0.012310453583236836,1.0,1.0,,,,,
1507,78251,1507,0.02032160806841347,1.0,1.0,,,,,
1508,78324,1508,0.017483904128960528,1.0,1.0,,,,,
1509,78349,1509,0.003557568380562088,1.0,1.0,,,,,
1510,78398,1510,0.008246144833905206,1.0,1.0,,,,,
1511,78439,1511,0.013301413922115955,1.0,1.0,,,,,
1512,78488,1512,0.013832924254861576,1.0,1.0,,,,,
1513,78553,1513,0.011051793197905085,1.0,1.0,0.024924757229518948,1.0,1.0,,
1514,78610,1514,0.020056852581292334,1.0,1.0,,,,,
1515,78659,1515,0.010089726534465627,1.0,1.0,,,,,
1516,78708,1516,0.010248840364809742,1.0,1.0,,,,,
1517,78757,1517,0.01682234691342965,1.0,1.0,,,,,
1518,78798,1518,0.007504535759960163,1.0,1.0,,,,,
1519,78831,1519,0.007713717264838921,1.0,1.0,,,,,
1520,78896,1520,0.01733236977334284,1.0,1.0,,,,,
1521,78945,1521,0.007713396075625573,1.0,1.0,0.011172127522093421,1.0,1.0,,
1522,79018,1522,0.011935201749803474,1.0,1.0,,,,,
1523,79051,1523,0.008372114507363509,1.0,1.0,,,,,
1524,79100,1524,0.011004631846598917,1.0,1.0,,,,,
1525,79157,1525,0.013218854907213426,1.0,1.0,,,,,
1526,79206,1526,0.015209727826785788,1.0,1.0,,,,,
1527,79263,1527,0.012530436042899606,1.0,1.0,,,,,
1528,79312,1528,0.010893957673366638,1.0,1.0,,,,,
1529,79361,1529,0.008121559775751498,1.0,1.0,0.007590907359786485,1.0,1.0,,
1530,79402,1530,0.010052964332563818,1.0,1.0,,,,,
1531,79451,1531,0.01169563213945982,1.0,1.0,,,,,
1532,79508,1532,0.02042064488663917,1.0,1.0,,,,,
1533,79557,1533,0.010567906622057041,1.0,1.0,,,,,
1534,79582,1534,0.007483281116459845,1.0,1.0,,,,,
1535,79631,1535,0.015256091268455141,1.0,1.0,,,,,
1536,79696,1536,0.012430939314574518,1.0,1.0,,,,,
1537,79745,1537,0.00947384543371374,1.0,1.0,0.022519532314840038,1.0,1.0,,
1538,79818,1538,0.013126047580284041,1.0,1.0,,,,,
1539,79891,1539,0.011273899990288444,1.0,1.0,,,,,
1540,79948,1540,0.010701975003027948,1.0,1.0,,,,,
1541,79997,1541,0.012700109044634473,1.0,1.0,,,,,
1542,80054,1542,0.016519064973437837,1.0,1.0,,,,,
1543,80103,1543,0.026224001431764916,1.0,1.0,,,,,
1544,80144,1544,0.013931716336905084,1.0,1.0,,,,,
1545,80193,1545,0.013851002891446834,1.0,1.0,0.08914477344598955,0.0,0.0,,
1546,80250,1546,0.013160498558718894,1.0,1.0,,,,,
1547,80315,1547,0.012586649179557874,1.0,1.0,,,,,
1548,80372,1548,0.0094344706925171,1.0,1.0,,,,,
1549,80421,1549,0.014934414599338197,1.0,1.0,,,,,
1550,80486,1550,0.013612488021766128,1.0,1.0,,,,,
1551,80551,1551,0.010654567023356962,1.0,1.0,,,,,
1552,80592,1552,0.010621606168372993,1.0,1.0,,,,,
1553,80649,1553,0.011981407587623076,1.0,1.0,0.38008992957698506,0.0,0.0,,
1554,80666,1554,0.020201708920067177,1.0,1.0,,,,,
1555,80707,1555,0.011076381575296636,1.0,1.0,,,,,
1556,80780,1556,0.014150595109186826,1.0,1.0,,,,,
1557,80813,1557,0.018398305972719273,1.0,1.0,,,,,
1558,80854,1558,0.014264809639455051,1.0,1.0,,,,,
1559,80919,1559,0.011941137629305213,1.0,1.0,,,,,
1560,80976,1560,0.012129651146995041,1.0,1.0,,,,,
1561,81025,1561,0.018939468531028368,1.0,1.0,0.0126061991136742,1.0,1.0,,
1562,81042,1562,0.017942652058463862,1.0,1.0,,,,,
1563,81107,1563,0.013734325948219208,1.0,1.0,,,,,
1564,81148,1564,0.009691966966332986,1.0,1.0,,,,,
1565,81205,1565,0.009825182414715488,1.0,1.0,,,,,
1566,81278,1566,0.011330466261125875,1.0,1.0,,,,,
1567,81359,1567,0.014963004806731307,1.0,1.0,,,,,
1568,81408,1568,0.013157485801880663,1.0,1.0,,,,,
1569,81465,1569,0.012662985811811831,1.0,1.0,0.011679194135186675,1.0,1.0,,
1570,81514,1570,0.009511531302969374,1.0,1.0,,,,,
1571,81571,1571,0.01194338895617387,1.0,1.0,,,,,
1572,81604,1572,0.011103702970598307,1.0,1.0,,,,,
1573,81661,1573,0.013798977542391951,1.0,1.0,,,,,
1574,81726,1574,0.013700979946505357,1.0,1.0,,,,,
1575,81767,1575,0.01102538947743824,1.0,1.0,,,,,
1576,81824,1576,0.020403911983139875,1.0,1.0,,,,,
1577,81857,1577,0.024403193130120827,1.0,1.0,0.015910519525926658,1.0,1.0,,
1578,81922,1578,0.01492855737651567,1.0,1.0,,,,,
1579,81979,1579,0.011806024479224918,1.0,1.0,,,,,
1580,82020,1580,0.014408042497032966,1.0,1.0,,,,,
1581,82077,1581,0.013336878611258294,1.0,1.0,,,,,
1582,82134,1582,0.011126840077603126,1.0,1.0,,,,,
1583,82199,1583,0.015059582201863143,1.0,1.0,,,,,
1584,82256,1584,0.015090176416610502,1.0,1.0,,,,,
1585,82337,1585,0.010928657920869313,1.0,1.0,0.01492275912787227,1.0,1.0,,
1586,82362,1586,0.007370527445480852,1.0,1.0,,,,,
1587,82395,1587,0.008831234223373658,1.0,1.0,,,,,
1588,82452,1588,0.010517039094353593,1.0,1.0,,,,,
1589,82517,1589,0.008953985810608396,1.0,1.0,,,,,
1590,82574,1590,0.01047511159795906,1.0,1.0,,,,,
1591,82599,1591,0.010067386461276891,1.0,1.0,,,,,
1592,82672,1592,0.015317230122154165,1.0,1.0,,,,,
1593,82753,1593,0.015517890821011078,1.0,1.0,0.05481484211183366,0.0,0.0,,
1594,82818,1594,0.013633677653374764,1.0,1.0,,,,,
1595,82883,1595,0.012240521557352313,1.0,1.0,,,,,
1596,82924,1596,0.00957966589976968,1.0,1.0,,,,,
1597,83021,1597,0.010358773247818798,1.0,1.0,,,,,
1598,83070,1598,0.011964027549499103,1.0,1.0,,,,,
1599,83143,1599,0.011568064151578633,1.0,1.0,,,,,
1600,83168,1600,0.01549793274048473,1.0,1.0,,,,,
1601,83193,1601,0.010246222451858102,1.0,1.0,0.012602283872578425,1.0,1.0,,
1602,83226,1602,0.008738596216727484,1.0,1.0,,,,0.6299999952316284,0.6195915590257696

